REPLACE INTO `bibles` (`id`, `language_id`, `versification`, `numeral_system_id`, `script`) VALUES (null, 'knw', 'protestant', 'western-arabic', null)
REPLACE INTO `bible_translations` (`language_id`, `bible_id`, `name`) VALUES ('6414', null, null)
REPLACE INTO `bibles` (`id`, `language_id`, `versification`, `numeral_system_id`, `script`) VALUES ('KUDBTA', 'kud', 'protestant', 'western-arabic', 'Latin')
REPLACE INTO `bible_translations` (`language_id`, `bible_id`, `name`) VALUES ('6414', 'KUDBTA', '2008 Edition')
REPLACE INTO `bible_filesets` (`id`, `set_type_code`, `hash_id`, `asset_id`, `set_size_code`) VALUES ('KUDBTAN2ET', 'text_format', '83744474414c', 'dbp-prod', 'P')
REPLACE INTO `bible_fileset_connections` (`hash_id`, `bible_id`) VALUES ('83744474414c', 'KUDBTA')
REPLACE INTO `bible_fileset_copyrights` (`hash_id`, `copyright`, `copyright_description`) VALUES ('83744474414c', '© 2014, Wycliffe Bible Translators, Inc. All rights reserved.', '© 2014, Wycliffe Bible Translators, Inc. All rights reserved.')
REPLACE INTO `bible_fileset_copyright_organizations` (`hash_id`, `organization_id`, `organization_role`) VALUES ('83744474414c', null, '1')
REPLACE INTO `bible_fileset_tags` (`hash_id`, `name`, `description`, `admin_only`, `iso`, `language_id`) VALUES ('83744474414c', 'sku', 'N2KUD/BTA', '0', 'eng', '6414')
REPLACE INTO `bible_fileset_tags` (`hash_id`, `name`, `description`, `admin_only`, `iso`, `language_id`) VALUES ('83744474414c', 'volume', '2008 Edition', '0', 'eng', '6414')
REPLACE INTO `access_group_filesets` (`hash_id`, `access_group_id`) VALUES ('83744474414c', 'DBPText')
REPLACE INTO `access_group_filesets` (`hash_id`, `access_group_id`) VALUES ('83744474414c', 'DBPAudio')
REPLACE INTO `access_group_filesets` (`hash_id`, `access_group_id`) VALUES ('83744474414c', 'DBPMobile')
REPLACE INTO `access_group_filesets` (`hash_id`, `access_group_id`) VALUES ('83744474414c', 'DBPWebHub')
REPLACE INTO `access_group_filesets` (`hash_id`, `access_group_id`) VALUES ('83744474414c', 'Download')
REPLACE INTO `access_group_filesets` (`hash_id`, `access_group_id`) VALUES ('83744474414c', 'Streaming')
REPLACE INTO `access_group_filesets` (`hash_id`, `access_group_id`) VALUES ('83744474414c', 'ItunesPodcast')
REPLACE INTO `access_group_filesets` (`hash_id`, `access_group_id`) VALUES ('83744474414c', 'APIDevText')
REPLACE INTO `access_group_filesets` (`hash_id`, `access_group_id`) VALUES ('83744474414c', 'APIDevAudio')
REPLACE INTO `access_group_filesets` (`hash_id`, `access_group_id`) VALUES ('83744474414c', 'MobileText')
REPLACE INTO `access_group_filesets` (`hash_id`, `access_group_id`) VALUES ('83744474414c', 'HubText')
REPLACE INTO `bibles` (`id`, `language_id`, `versification`, `numeral_system_id`, `script`) VALUES ('AIWDPI', 'aiw', 'protestant', 'western-arabic', null)
REPLACE INTO `bible_translations` (`language_id`, `bible_id`, `name`) VALUES ('6414', 'AIWDPI', '2015 Edition')
REPLACE INTO `bible_filesets` (`id`, `set_type_code`, `hash_id`, `asset_id`, `set_size_code`) VALUES ('AIWDPIN1DA', 'audio', 'ea5801e0df40', 'dbp-prod', 'P')
REPLACE INTO `bible_filesets` (`id`, `set_type_code`, `hash_id`, `asset_id`, `set_size_code`) VALUES ('AIWDPIC1DA', 'audio', 'bd7ac7e893cc', 'dbp-prod', 'P')
REPLACE INTO `bible_fileset_connections` (`hash_id`, `bible_id`) VALUES ('ea5801e0df40', 'AIWDPI')
REPLACE INTO `bible_fileset_connections` (`hash_id`, `bible_id`) VALUES ('bd7ac7e893cc', 'AIWDPI')
REPLACE INTO `bible_fileset_copyrights` (`hash_id`, `copyright`, `copyright_description`) VALUES ('ea5801e0df40', 'Text: © The Word for the World, 2015
Audio: ℗ Davar Partners International, 2016', 'Text: © The Word for the World, 2015
Audio: ℗ Davar Partners International, 2016')
REPLACE INTO `bible_fileset_copyrights` (`hash_id`, `copyright`, `copyright_description`) VALUES ('bd7ac7e893cc', 'Text: © The Word for the World, 2015
Audio: ℗ Davar Partners International, 2016', 'Text: © The Word for the World, 2015
Audio: ℗ Davar Partners International, 2016')
REPLACE INTO `bible_fileset_copyright_organizations` (`hash_id`, `organization_id`, `organization_role`) VALUES ('ea5801e0df40', null, '1')
REPLACE INTO `bible_fileset_copyright_organizations` (`hash_id`, `organization_id`, `organization_role`) VALUES ('bd7ac7e893cc', null, '1')
REPLACE INTO `bible_fileset_tags` (`hash_id`, `name`, `description`, `admin_only`, `iso`, `language_id`) VALUES ('ea5801e0df40', 'sku', 'N1AIW/DPI', '0', 'eng', '6414')
REPLACE INTO `bible_fileset_tags` (`hash_id`, `name`, `description`, `admin_only`, `iso`, `language_id`) VALUES ('ea5801e0df40', 'volume', '2015 Edition', '0', 'eng', '6414')
REPLACE INTO `bible_fileset_tags` (`hash_id`, `name`, `description`, `admin_only`, `iso`, `language_id`) VALUES ('ea5801e0df40', 'bitrate', '64kbps', '0', 'eng', '6414')
REPLACE INTO `bible_fileset_tags` (`hash_id`, `name`, `description`, `admin_only`, `iso`, `language_id`) VALUES ('bd7ac7e893cc', 'sku', 'N1AIW/DPI', '0', 'eng', '6414')
REPLACE INTO `bible_fileset_tags` (`hash_id`, `name`, `description`, `admin_only`, `iso`, `language_id`) VALUES ('bd7ac7e893cc', 'volume', '2015 Edition', '0', 'eng', '6414')
REPLACE INTO `bible_fileset_tags` (`hash_id`, `name`, `description`, `admin_only`, `iso`, `language_id`) VALUES ('bd7ac7e893cc', 'bitrate', '64kbps', '0', 'eng', '6414')
REPLACE INTO `access_group_filesets` (`hash_id`, `access_group_id`) VALUES ('ea5801e0df40', 'DBPText')
REPLACE INTO `access_group_filesets` (`hash_id`, `access_group_id`) VALUES ('ea5801e0df40', 'DBPTextOT')
REPLACE INTO `access_group_filesets` (`hash_id`, `access_group_id`) VALUES ('ea5801e0df40', 'DBPAudio')
REPLACE INTO `access_group_filesets` (`hash_id`, `access_group_id`) VALUES ('ea5801e0df40', 'DBPMobile')
REPLACE INTO `access_group_filesets` (`hash_id`, `access_group_id`) VALUES ('ea5801e0df40', 'DBPWebHub')
REPLACE INTO `access_group_filesets` (`hash_id`, `access_group_id`) VALUES ('ea5801e0df40', 'Streaming')
REPLACE INTO `access_group_filesets` (`hash_id`, `access_group_id`) VALUES ('ea5801e0df40', 'ItunesPodcast')
REPLACE INTO `access_group_filesets` (`hash_id`, `access_group_id`) VALUES ('ea5801e0df40', 'APIDevText')
REPLACE INTO `access_group_filesets` (`hash_id`, `access_group_id`) VALUES ('ea5801e0df40', 'MobileText')
REPLACE INTO `access_group_filesets` (`hash_id`, `access_group_id`) VALUES ('ea5801e0df40', 'HubText')
REPLACE INTO `access_group_filesets` (`hash_id`, `access_group_id`) VALUES ('ea5801e0df40', 'WebHubVideo')
REPLACE INTO `access_group_filesets` (`hash_id`, `access_group_id`) VALUES ('ea5801e0df40', 'APIDevVideo')
REPLACE INTO `access_group_filesets` (`hash_id`, `access_group_id`) VALUES ('bd7ac7e893cc', 'DBPText')
REPLACE INTO `access_group_filesets` (`hash_id`, `access_group_id`) VALUES ('bd7ac7e893cc', 'DBPTextOT')
REPLACE INTO `access_group_filesets` (`hash_id`, `access_group_id`) VALUES ('bd7ac7e893cc', 'DBPAudio')
REPLACE INTO `access_group_filesets` (`hash_id`, `access_group_id`) VALUES ('bd7ac7e893cc', 'DBPMobile')
REPLACE INTO `access_group_filesets` (`hash_id`, `access_group_id`) VALUES ('bd7ac7e893cc', 'DBPWebHub')
REPLACE INTO `access_group_filesets` (`hash_id`, `access_group_id`) VALUES ('bd7ac7e893cc', 'Streaming')
REPLACE INTO `access_group_filesets` (`hash_id`, `access_group_id`) VALUES ('bd7ac7e893cc', 'ItunesPodcast')
REPLACE INTO `access_group_filesets` (`hash_id`, `access_group_id`) VALUES ('bd7ac7e893cc', 'APIDevText')
REPLACE INTO `access_group_filesets` (`hash_id`, `access_group_id`) VALUES ('bd7ac7e893cc', 'MobileText')
REPLACE INTO `access_group_filesets` (`hash_id`, `access_group_id`) VALUES ('bd7ac7e893cc', 'HubText')
REPLACE INTO `access_group_filesets` (`hash_id`, `access_group_id`) VALUES ('bd7ac7e893cc', 'WebHubVideo')
REPLACE INTO `access_group_filesets` (`hash_id`, `access_group_id`) VALUES ('bd7ac7e893cc', 'APIDevVideo')
REPLACE INTO `bibles` (`id`, `language_id`, `versification`, `numeral_system_id`, `script`) VALUES ('AIWDPI', 'aiw', 'protestant', 'western-arabic', null)
REPLACE INTO `bible_translations` (`language_id`, `bible_id`, `name`) VALUES ('6414', 'AIWDPI', '2015 Edition')
REPLACE INTO `bible_filesets` (`id`, `set_type_code`, `hash_id`, `asset_id`, `set_size_code`) VALUES ('AIWDPIO1DA', 'audio', '8536e202a989', 'dbp-prod', 'P')
REPLACE INTO `bible_fileset_connections` (`hash_id`, `bible_id`) VALUES ('8536e202a989', 'AIWDPI')
REPLACE INTO `bible_fileset_copyrights` (`hash_id`, `copyright`, `copyright_description`) VALUES ('8536e202a989', 'Text: © The Word for the World, 2015
Audio: ℗ Davar Partners International, 2016', 'Text: © The Word for the World, 2015
Audio: ℗ Davar Partners International, 2016')
REPLACE INTO `bible_fileset_copyright_organizations` (`hash_id`, `organization_id`, `organization_role`) VALUES ('8536e202a989', null, '1')
REPLACE INTO `bible_fileset_tags` (`hash_id`, `name`, `description`, `admin_only`, `iso`, `language_id`) VALUES ('8536e202a989', 'sku', 'O1AIW/DPI', '0', 'eng', '6414')
REPLACE INTO `bible_fileset_tags` (`hash_id`, `name`, `description`, `admin_only`, `iso`, `language_id`) VALUES ('8536e202a989', 'volume', '2015 Edition', '0', 'eng', '6414')
REPLACE INTO `bible_fileset_tags` (`hash_id`, `name`, `description`, `admin_only`, `iso`, `language_id`) VALUES ('8536e202a989', 'bitrate', '64kbps', '0', 'eng', '6414')
REPLACE INTO `access_group_filesets` (`hash_id`, `access_group_id`) VALUES ('8536e202a989', 'DBPText')
REPLACE INTO `access_group_filesets` (`hash_id`, `access_group_id`) VALUES ('8536e202a989', 'DBPTextOT')
REPLACE INTO `access_group_filesets` (`hash_id`, `access_group_id`) VALUES ('8536e202a989', 'DBPAudio')
REPLACE INTO `access_group_filesets` (`hash_id`, `access_group_id`) VALUES ('8536e202a989', 'DBPMobile')
REPLACE INTO `access_group_filesets` (`hash_id`, `access_group_id`) VALUES ('8536e202a989', 'DBPWebHub')
REPLACE INTO `access_group_filesets` (`hash_id`, `access_group_id`) VALUES ('8536e202a989', 'Streaming')
REPLACE INTO `access_group_filesets` (`hash_id`, `access_group_id`) VALUES ('8536e202a989', 'ItunesPodcast')
REPLACE INTO `access_group_filesets` (`hash_id`, `access_group_id`) VALUES ('8536e202a989', 'APIDevText')
REPLACE INTO `access_group_filesets` (`hash_id`, `access_group_id`) VALUES ('8536e202a989', 'MobileText')
REPLACE INTO `access_group_filesets` (`hash_id`, `access_group_id`) VALUES ('8536e202a989', 'HubText')
REPLACE INTO `bibles` (`id`, `language_id`, `versification`, `numeral_system_id`, `script`) VALUES (null, 'BCN', 'protestant', 'western-arabic', null)
REPLACE INTO `bible_translations` (`language_id`, `bible_id`, `name`) VALUES ('6414', null, null)
REPLACE INTO `bibles` (`id`, `language_id`, `versification`, `numeral_system_id`, `script`) VALUES ('AAUWBT', 'aau', 'protestant', 'western-arabic', 'Latin (PNG)')
REPLACE INTO `bible_translations` (`language_id`, `bible_id`, `name`) VALUES ('6414', 'AAUWBT', '2006 Edition')
REPLACE INTO `bible_filesets` (`id`, `set_type_code`, `hash_id`, `asset_id`, `set_size_code`) VALUES ('AAUWBTN2ET', 'text_format', '637702dcf0b4', 'dbp-prod', 'P')
REPLACE INTO `bible_fileset_connections` (`hash_id`, `bible_id`) VALUES ('637702dcf0b4', 'AAUWBT')
REPLACE INTO `bible_fileset_copyrights` (`hash_id`, `copyright`, `copyright_description`) VALUES ('637702dcf0b4', '© 2006 Wycliffe Bible Translators, Inc.', '© 2006 Wycliffe Bible Translators, Inc.')
REPLACE INTO `bible_fileset_copyright_organizations` (`hash_id`, `organization_id`, `organization_role`) VALUES ('637702dcf0b4', null, '1')
REPLACE INTO `bible_fileset_tags` (`hash_id`, `name`, `description`, `admin_only`, `iso`, `language_id`) VALUES ('637702dcf0b4', 'sku', 'N2AAU/WBT', '0', 'eng', '6414')
REPLACE INTO `bible_fileset_tags` (`hash_id`, `name`, `description`, `admin_only`, `iso`, `language_id`) VALUES ('637702dcf0b4', 'volume', '2006 Edition', '0', 'eng', '6414')
REPLACE INTO `access_group_filesets` (`hash_id`, `access_group_id`) VALUES ('637702dcf0b4', 'DBPText')
REPLACE INTO `access_group_filesets` (`hash_id`, `access_group_id`) VALUES ('637702dcf0b4', 'DBPAudio')
REPLACE INTO `access_group_filesets` (`hash_id`, `access_group_id`) VALUES ('637702dcf0b4', 'DBPMobile')
REPLACE INTO `access_group_filesets` (`hash_id`, `access_group_id`) VALUES ('637702dcf0b4', 'DBPWebHub')
REPLACE INTO `access_group_filesets` (`hash_id`, `access_group_id`) VALUES ('637702dcf0b4', 'Download')
REPLACE INTO `access_group_filesets` (`hash_id`, `access_group_id`) VALUES ('637702dcf0b4', 'Streaming')
REPLACE INTO `access_group_filesets` (`hash_id`, `access_group_id`) VALUES ('637702dcf0b4', 'ItunesPodcast')
REPLACE INTO `access_group_filesets` (`hash_id`, `access_group_id`) VALUES ('637702dcf0b4', 'APIDevText')
REPLACE INTO `access_group_filesets` (`hash_id`, `access_group_id`) VALUES ('637702dcf0b4', 'APIDevAudio')
REPLACE INTO `access_group_filesets` (`hash_id`, `access_group_id`) VALUES ('637702dcf0b4', 'MobileText')
REPLACE INTO `access_group_filesets` (`hash_id`, `access_group_id`) VALUES ('637702dcf0b4', 'HubText')
REPLACE INTO `bibles` (`id`, `language_id`, `versification`, `numeral_system_id`, `script`) VALUES (null, 'abq', 'protestant', 'western-arabic', null)
REPLACE INTO `bible_translations` (`language_id`, `bible_id`, `name`) VALUES ('6414', null, 'IBTR - SILB Version')
REPLACE INTO `bibles` (`id`, `language_id`, `versification`, `numeral_system_id`, `script`) VALUES ('ABIWBT', 'abi', 'protestant', 'western-arabic', 'Latin (African)')
REPLACE INTO `bible_translations` (`language_id`, `bible_id`, `name`) VALUES ('6414', 'ABIWBT', '2001 Edition')
REPLACE INTO `bible_filesets` (`id`, `set_type_code`, `hash_id`, `asset_id`, `set_size_code`) VALUES ('ABIWBTN2DA', 'audio_drama', '557977e0e3fe', 'dbp-prod', 'P')
REPLACE INTO `bible_filesets` (`id`, `set_type_code`, `hash_id`, `asset_id`, `set_size_code`) VALUES ('ABIWBTN1DA', 'audio', '28788be7bc50', 'dbp-prod', 'P')
REPLACE INTO `bible_filesets` (`id`, `set_type_code`, `hash_id`, `asset_id`, `set_size_code`) VALUES ('ABIWBTN2ET', 'text_format', '5442548da76c', 'dbp-prod', 'P')
REPLACE INTO `bible_filesets` (`id`, `set_type_code`, `hash_id`, `asset_id`, `set_size_code`) VALUES ('ABIWBTN1ET', 'text_format', '85363d01bb92', 'dbp-prod', 'P')
REPLACE INTO `bible_filesets` (`id`, `set_type_code`, `hash_id`, `asset_id`, `set_size_code`) VALUES ('ABIWBTP2DV', 'text_format', 'e67f23e039a0', 'dbp-prod', 'P')
REPLACE INTO `bible_fileset_connections` (`hash_id`, `bible_id`) VALUES ('557977e0e3fe', 'ABIWBT')
REPLACE INTO `bible_fileset_connections` (`hash_id`, `bible_id`) VALUES ('28788be7bc50', 'ABIWBT')
REPLACE INTO `bible_fileset_connections` (`hash_id`, `bible_id`) VALUES ('5442548da76c', 'ABIWBT')
REPLACE INTO `bible_fileset_connections` (`hash_id`, `bible_id`) VALUES ('85363d01bb92', 'ABIWBT')
REPLACE INTO `bible_fileset_connections` (`hash_id`, `bible_id`) VALUES ('e67f23e039a0', 'ABIWBT')
REPLACE INTO `bible_fileset_copyrights` (`hash_id`, `copyright`, `copyright_description`) VALUES ('557977e0e3fe', 'Text: © 2001 Wycliffe Bible Translators, Inc.
Audio: ℗ 2018 Hosanna', 'Text: © 2001 Wycliffe Bible Translators, Inc.
Audio: ℗ 2018 Hosanna')
REPLACE INTO `bible_fileset_copyrights` (`hash_id`, `copyright`, `copyright_description`) VALUES ('28788be7bc50', 'Text: © 2001 Wycliffe Bible Translators, Inc.
Audio: ℗ 2018 Hosanna', 'Text: © 2001 Wycliffe Bible Translators, Inc.
Audio: ℗ 2018 Hosanna')
REPLACE INTO `bible_fileset_copyrights` (`hash_id`, `copyright`, `copyright_description`) VALUES ('5442548da76c', '© 2001 Wycliffe Bible Translators, Inc.', '© 2001 Wycliffe Bible Translators, Inc.')
REPLACE INTO `bible_fileset_copyrights` (`hash_id`, `copyright`, `copyright_description`) VALUES ('85363d01bb92', '© 2001 Wycliffe Bible Translators, Inc.', '© 2001 Wycliffe Bible Translators, Inc.')
REPLACE INTO `bible_fileset_copyrights` (`hash_id`, `copyright`, `copyright_description`) VALUES ('e67f23e039a0', '© 2001 Wycliffe Bible Translators, Inc.', '© 2001 Wycliffe Bible Translators, Inc.')
REPLACE INTO `bible_fileset_copyright_organizations` (`hash_id`, `organization_id`, `organization_role`) VALUES ('557977e0e3fe', '9', '1')
REPLACE INTO `bible_fileset_copyright_organizations` (`hash_id`, `organization_id`, `organization_role`) VALUES ('28788be7bc50', '9', '1')
REPLACE INTO `bible_fileset_copyright_organizations` (`hash_id`, `organization_id`, `organization_role`) VALUES ('5442548da76c', null, '1')
REPLACE INTO `bible_fileset_copyright_organizations` (`hash_id`, `organization_id`, `organization_role`) VALUES ('85363d01bb92', null, '1')
REPLACE INTO `bible_fileset_copyright_organizations` (`hash_id`, `organization_id`, `organization_role`) VALUES ('e67f23e039a0', null, '1')
REPLACE INTO `bible_fileset_tags` (`hash_id`, `name`, `description`, `admin_only`, `iso`, `language_id`) VALUES ('557977e0e3fe', 'sku', 'N2ABI/WBT', '0', 'eng', '6414')
REPLACE INTO `bible_fileset_tags` (`hash_id`, `name`, `description`, `admin_only`, `iso`, `language_id`) VALUES ('557977e0e3fe', 'volume', '2001 Edition', '0', 'eng', '6414')
REPLACE INTO `bible_fileset_tags` (`hash_id`, `name`, `description`, `admin_only`, `iso`, `language_id`) VALUES ('557977e0e3fe', 'bitrate', '64kbps', '0', 'eng', '6414')
REPLACE INTO `bible_fileset_tags` (`hash_id`, `name`, `description`, `admin_only`, `iso`, `language_id`) VALUES ('28788be7bc50', 'sku', 'N2ABI/WBT', '0', 'eng', '6414')
REPLACE INTO `bible_fileset_tags` (`hash_id`, `name`, `description`, `admin_only`, `iso`, `language_id`) VALUES ('28788be7bc50', 'volume', '2001 Edition', '0', 'eng', '6414')
REPLACE INTO `bible_fileset_tags` (`hash_id`, `name`, `description`, `admin_only`, `iso`, `language_id`) VALUES ('28788be7bc50', 'bitrate', '64kbps', '0', 'eng', '6414')
REPLACE INTO `bible_fileset_tags` (`hash_id`, `name`, `description`, `admin_only`, `iso`, `language_id`) VALUES ('5442548da76c', 'sku', 'N2ABI/WBT', '0', 'eng', '6414')
REPLACE INTO `bible_fileset_tags` (`hash_id`, `name`, `description`, `admin_only`, `iso`, `language_id`) VALUES ('5442548da76c', 'volume', '2001 Edition', '0', 'eng', '6414')
REPLACE INTO `bible_fileset_tags` (`hash_id`, `name`, `description`, `admin_only`, `iso`, `language_id`) VALUES ('85363d01bb92', 'sku', 'N2ABI/WBT', '0', 'eng', '6414')
REPLACE INTO `bible_fileset_tags` (`hash_id`, `name`, `description`, `admin_only`, `iso`, `language_id`) VALUES ('85363d01bb92', 'volume', '2001 Edition', '0', 'eng', '6414')
REPLACE INTO `bible_fileset_tags` (`hash_id`, `name`, `description`, `admin_only`, `iso`, `language_id`) VALUES ('e67f23e039a0', 'sku', 'N2ABI/WBT', '0', 'eng', '6414')
REPLACE INTO `bible_fileset_tags` (`hash_id`, `name`, `description`, `admin_only`, `iso`, `language_id`) VALUES ('e67f23e039a0', 'volume', '2001 Edition', '0', 'eng', '6414')
REPLACE INTO `access_group_filesets` (`hash_id`, `access_group_id`) VALUES ('557977e0e3fe', 'DBPText')
REPLACE INTO `access_group_filesets` (`hash_id`, `access_group_id`) VALUES ('557977e0e3fe', 'DBPAudio')
REPLACE INTO `access_group_filesets` (`hash_id`, `access_group_id`) VALUES ('557977e0e3fe', 'DBPMobile')
REPLACE INTO `access_group_filesets` (`hash_id`, `access_group_id`) VALUES ('557977e0e3fe', 'DBPWebHub')
REPLACE INTO `access_group_filesets` (`hash_id`, `access_group_id`) VALUES ('557977e0e3fe', 'Download')
REPLACE INTO `access_group_filesets` (`hash_id`, `access_group_id`) VALUES ('557977e0e3fe', 'Streaming')
REPLACE INTO `access_group_filesets` (`hash_id`, `access_group_id`) VALUES ('557977e0e3fe', 'ItunesPodcast')
REPLACE INTO `access_group_filesets` (`hash_id`, `access_group_id`) VALUES ('557977e0e3fe', 'APIDevText')
REPLACE INTO `access_group_filesets` (`hash_id`, `access_group_id`) VALUES ('557977e0e3fe', 'APIDevAudio')
REPLACE INTO `access_group_filesets` (`hash_id`, `access_group_id`) VALUES ('557977e0e3fe', 'MobileText')
REPLACE INTO `access_group_filesets` (`hash_id`, `access_group_id`) VALUES ('557977e0e3fe', 'HubText')
REPLACE INTO `access_group_filesets` (`hash_id`, `access_group_id`) VALUES ('557977e0e3fe', 'WebHubVideo')
REPLACE INTO `access_group_filesets` (`hash_id`, `access_group_id`) VALUES ('557977e0e3fe', 'APIDevVideo')
REPLACE INTO `access_group_filesets` (`hash_id`, `access_group_id`) VALUES ('28788be7bc50', 'DBPText')
REPLACE INTO `access_group_filesets` (`hash_id`, `access_group_id`) VALUES ('28788be7bc50', 'DBPAudio')
REPLACE INTO `access_group_filesets` (`hash_id`, `access_group_id`) VALUES ('28788be7bc50', 'DBPMobile')
REPLACE INTO `access_group_filesets` (`hash_id`, `access_group_id`) VALUES ('28788be7bc50', 'DBPWebHub')
REPLACE INTO `access_group_filesets` (`hash_id`, `access_group_id`) VALUES ('28788be7bc50', 'Download')
REPLACE INTO `access_group_filesets` (`hash_id`, `access_group_id`) VALUES ('28788be7bc50', 'Streaming')
REPLACE INTO `access_group_filesets` (`hash_id`, `access_group_id`) VALUES ('28788be7bc50', 'ItunesPodcast')
REPLACE INTO `access_group_filesets` (`hash_id`, `access_group_id`) VALUES ('28788be7bc50', 'APIDevText')
REPLACE INTO `access_group_filesets` (`hash_id`, `access_group_id`) VALUES ('28788be7bc50', 'APIDevAudio')
REPLACE INTO `access_group_filesets` (`hash_id`, `access_group_id`) VALUES ('28788be7bc50', 'MobileText')
REPLACE INTO `access_group_filesets` (`hash_id`, `access_group_id`) VALUES ('28788be7bc50', 'HubText')
REPLACE INTO `access_group_filesets` (`hash_id`, `access_group_id`) VALUES ('28788be7bc50', 'WebHubVideo')
REPLACE INTO `access_group_filesets` (`hash_id`, `access_group_id`) VALUES ('28788be7bc50', 'APIDevVideo')
REPLACE INTO `access_group_filesets` (`hash_id`, `access_group_id`) VALUES ('5442548da76c', 'DBPText')
REPLACE INTO `access_group_filesets` (`hash_id`, `access_group_id`) VALUES ('5442548da76c', 'DBPAudio')
REPLACE INTO `access_group_filesets` (`hash_id`, `access_group_id`) VALUES ('5442548da76c', 'DBPMobile')
REPLACE INTO `access_group_filesets` (`hash_id`, `access_group_id`) VALUES ('5442548da76c', 'DBPWebHub')
REPLACE INTO `access_group_filesets` (`hash_id`, `access_group_id`) VALUES ('5442548da76c', 'Download')
REPLACE INTO `access_group_filesets` (`hash_id`, `access_group_id`) VALUES ('5442548da76c', 'Streaming')
REPLACE INTO `access_group_filesets` (`hash_id`, `access_group_id`) VALUES ('5442548da76c', 'ItunesPodcast')
REPLACE INTO `access_group_filesets` (`hash_id`, `access_group_id`) VALUES ('5442548da76c', 'APIDevText')
REPLACE INTO `access_group_filesets` (`hash_id`, `access_group_id`) VALUES ('5442548da76c', 'APIDevAudio')
REPLACE INTO `access_group_filesets` (`hash_id`, `access_group_id`) VALUES ('5442548da76c', 'MobileText')
REPLACE INTO `access_group_filesets` (`hash_id`, `access_group_id`) VALUES ('5442548da76c', 'HubText')
REPLACE INTO `access_group_filesets` (`hash_id`, `access_group_id`) VALUES ('5442548da76c', 'WebHubVideo')
REPLACE INTO `access_group_filesets` (`hash_id`, `access_group_id`) VALUES ('5442548da76c', 'APIDevVideo')
REPLACE INTO `access_group_filesets` (`hash_id`, `access_group_id`) VALUES ('85363d01bb92', 'DBPText')
REPLACE INTO `access_group_filesets` (`hash_id`, `access_group_id`) VALUES ('85363d01bb92', 'DBPAudio')
REPLACE INTO `access_group_filesets` (`hash_id`, `access_group_id`) VALUES ('85363d01bb92', 'DBPMobile')
REPLACE INTO `access_group_filesets` (`hash_id`, `access_group_id`) VALUES ('85363d01bb92', 'DBPWebHub')
REPLACE INTO `access_group_filesets` (`hash_id`, `access_group_id`) VALUES ('85363d01bb92', 'Download')
REPLACE INTO `access_group_filesets` (`hash_id`, `access_group_id`) VALUES ('85363d01bb92', 'Streaming')
REPLACE INTO `access_group_filesets` (`hash_id`, `access_group_id`) VALUES ('85363d01bb92', 'ItunesPodcast')
REPLACE INTO `access_group_filesets` (`hash_id`, `access_group_id`) VALUES ('85363d01bb92', 'APIDevText')
REPLACE INTO `access_group_filesets` (`hash_id`, `access_group_id`) VALUES ('85363d01bb92', 'APIDevAudio')
REPLACE INTO `access_group_filesets` (`hash_id`, `access_group_id`) VALUES ('85363d01bb92', 'MobileText')
REPLACE INTO `access_group_filesets` (`hash_id`, `access_group_id`) VALUES ('85363d01bb92', 'HubText')
REPLACE INTO `access_group_filesets` (`hash_id`, `access_group_id`) VALUES ('85363d01bb92', 'WebHubVideo')
REPLACE INTO `access_group_filesets` (`hash_id`, `access_group_id`) VALUES ('85363d01bb92', 'APIDevVideo')
REPLACE INTO `access_group_filesets` (`hash_id`, `access_group_id`) VALUES ('e67f23e039a0', 'DBPText')
REPLACE INTO `access_group_filesets` (`hash_id`, `access_group_id`) VALUES ('e67f23e039a0', 'DBPAudio')
REPLACE INTO `access_group_filesets` (`hash_id`, `access_group_id`) VALUES ('e67f23e039a0', 'DBPMobile')
REPLACE INTO `access_group_filesets` (`hash_id`, `access_group_id`) VALUES ('e67f23e039a0', 'DBPWebHub')
REPLACE INTO `access_group_filesets` (`hash_id`, `access_group_id`) VALUES ('e67f23e039a0', 'Download')
REPLACE INTO `access_group_filesets` (`hash_id`, `access_group_id`) VALUES ('e67f23e039a0', 'Streaming')
REPLACE INTO `access_group_filesets` (`hash_id`, `access_group_id`) VALUES ('e67f23e039a0', 'ItunesPodcast')
REPLACE INTO `access_group_filesets` (`hash_id`, `access_group_id`) VALUES ('e67f23e039a0', 'APIDevText')
REPLACE INTO `access_group_filesets` (`hash_id`, `access_group_id`) VALUES ('e67f23e039a0', 'APIDevAudio')
REPLACE INTO `access_group_filesets` (`hash_id`, `access_group_id`) VALUES ('e67f23e039a0', 'MobileText')
REPLACE INTO `access_group_filesets` (`hash_id`, `access_group_id`) VALUES ('e67f23e039a0', 'HubText')
REPLACE INTO `access_group_filesets` (`hash_id`, `access_group_id`) VALUES ('e67f23e039a0', 'WebHubVideo')
REPLACE INTO `access_group_filesets` (`hash_id`, `access_group_id`) VALUES ('e67f23e039a0', 'APIDevVideo')
REPLACE INTO `bibles` (`id`, `language_id`, `versification`, `numeral_system_id`, `script`) VALUES (null, 'abk', 'protestant', 'western-arabic', null)
REPLACE INTO `bible_translations` (`language_id`, `bible_id`, `name`) VALUES ('6414', null, '2004 Edition')
REPLACE INTO `bibles` (`id`, `language_id`, `versification`, `numeral_system_id`, `script`) VALUES ('KGRLAI', 'kgr', 'protestant', 'western-arabic', 'Latin')
REPLACE INTO `bible_translations` (`language_id`, `bible_id`, `name`) VALUES ('6414', 'KGRLAI', '2004 Edition')
REPLACE INTO `bible_filesets` (`id`, `set_type_code`, `hash_id`, `asset_id`, `set_size_code`) VALUES ('KGRLAIN2ET', 'text_format', 'f50613e5e1ce', 'dbp-prod', 'P')
REPLACE INTO `bible_fileset_connections` (`hash_id`, `bible_id`) VALUES ('f50613e5e1ce', 'KGRLAI')
REPLACE INTO `bible_fileset_copyrights` (`hash_id`, `copyright`, `copyright_description`) VALUES ('f50613e5e1ce', '© 2004 LAI', '© 2004 LAI')
REPLACE INTO `bible_fileset_copyright_organizations` (`hash_id`, `organization_id`, `organization_role`) VALUES ('f50613e5e1ce', null, '1')
REPLACE INTO `bible_fileset_tags` (`hash_id`, `name`, `description`, `admin_only`, `iso`, `language_id`) VALUES ('f50613e5e1ce', 'sku', 'N2KGR/LAI', '0', 'eng', '6414')
REPLACE INTO `bible_fileset_tags` (`hash_id`, `name`, `description`, `admin_only`, `iso`, `language_id`) VALUES ('f50613e5e1ce', 'volume', '2004 Edition', '0', 'eng', '6414')
REPLACE INTO `access_group_filesets` (`hash_id`, `access_group_id`) VALUES ('f50613e5e1ce', 'DBPText')
REPLACE INTO `access_group_filesets` (`hash_id`, `access_group_id`) VALUES ('f50613e5e1ce', 'DBPAudio')
REPLACE INTO `access_group_filesets` (`hash_id`, `access_group_id`) VALUES ('f50613e5e1ce', 'DBPMobile')
REPLACE INTO `access_group_filesets` (`hash_id`, `access_group_id`) VALUES ('f50613e5e1ce', 'DBPWebHub')
REPLACE INTO `access_group_filesets` (`hash_id`, `access_group_id`) VALUES ('f50613e5e1ce', 'Download')
REPLACE INTO `access_group_filesets` (`hash_id`, `access_group_id`) VALUES ('f50613e5e1ce', 'Streaming')
REPLACE INTO `access_group_filesets` (`hash_id`, `access_group_id`) VALUES ('f50613e5e1ce', 'ItunesPodcast')
REPLACE INTO `access_group_filesets` (`hash_id`, `access_group_id`) VALUES ('f50613e5e1ce', 'APIDevText')
REPLACE INTO `access_group_filesets` (`hash_id`, `access_group_id`) VALUES ('f50613e5e1ce', 'APIDevAudio')
REPLACE INTO `access_group_filesets` (`hash_id`, `access_group_id`) VALUES ('f50613e5e1ce', 'MobileText')
REPLACE INTO `access_group_filesets` (`hash_id`, `access_group_id`) VALUES ('f50613e5e1ce', 'HubText')
REPLACE INTO `bibles` (`id`, `language_id`, `versification`, `numeral_system_id`, `script`) VALUES ('KNJSBI', 'knj', 'protestant', 'western-arabic', 'Latin')
REPLACE INTO `bible_translations` (`language_id`, `bible_id`, `name`) VALUES ('6414', 'KNJSBI', '2001 Edition')
REPLACE INTO `bible_filesets` (`id`, `set_type_code`, `hash_id`, `asset_id`, `set_size_code`) VALUES ('KNJSBIN2DA', 'audio_drama', 'ce2a7648e04e', 'dbp-prod', 'P')
REPLACE INTO `bible_filesets` (`id`, `set_type_code`, `hash_id`, `asset_id`, `set_size_code`) VALUES ('KNJSBIN2ET', 'text_format', '007a5c0bdd43', 'dbp-prod', 'P')
REPLACE INTO `bible_filesets` (`id`, `set_type_code`, `hash_id`, `asset_id`, `set_size_code`) VALUES ('KNJSBIO2ET', 'text_format', '229709b39884', 'dbp-prod', 'P')
REPLACE INTO `bible_fileset_connections` (`hash_id`, `bible_id`) VALUES ('ce2a7648e04e', 'KNJSBI')
REPLACE INTO `bible_fileset_connections` (`hash_id`, `bible_id`) VALUES ('007a5c0bdd43', 'KNJSBI')
REPLACE INTO `bible_fileset_connections` (`hash_id`, `bible_id`) VALUES ('229709b39884', 'KNJSBI')
REPLACE INTO `bible_fileset_copyrights` (`hash_id`, `copyright`, `copyright_description`) VALUES ('ce2a7648e04e', 'Text: © 2001 Wycliffe Bible Translators, Inc.
Audio: ℗ 2001 Hosanna Grabado por Asociacion Vina', 'Text: © 2001 Wycliffe Bible Translators, Inc.
Audio: ℗ 2001 Hosanna Grabado por Asociacion Vina')
REPLACE INTO `bible_fileset_copyrights` (`hash_id`, `copyright`, `copyright_description`) VALUES ('007a5c0bdd43', '© 2001 Wycliffe Bible Translators, Inc.', '© 2001 Wycliffe Bible Translators, Inc.')
REPLACE INTO `bible_fileset_copyrights` (`hash_id`, `copyright`, `copyright_description`) VALUES ('229709b39884', '© 2001 Wycliffe Bible Translators, Inc.', '© 2001 Wycliffe Bible Translators, Inc.')
REPLACE INTO `bible_fileset_copyright_organizations` (`hash_id`, `organization_id`, `organization_role`) VALUES ('ce2a7648e04e', '9', '1')
REPLACE INTO `bible_fileset_copyright_organizations` (`hash_id`, `organization_id`, `organization_role`) VALUES ('007a5c0bdd43', null, '1')
REPLACE INTO `bible_fileset_copyright_organizations` (`hash_id`, `organization_id`, `organization_role`) VALUES ('229709b39884', null, '1')
REPLACE INTO `bible_fileset_tags` (`hash_id`, `name`, `description`, `admin_only`, `iso`, `language_id`) VALUES ('ce2a7648e04e', 'sku', 'N2KNJ/SBI', '0', 'eng', '6414')
REPLACE INTO `bible_fileset_tags` (`hash_id`, `name`, `description`, `admin_only`, `iso`, `language_id`) VALUES ('ce2a7648e04e', 'volume', '2001 Edition', '0', 'eng', '6414')
REPLACE INTO `bible_fileset_tags` (`hash_id`, `name`, `description`, `admin_only`, `iso`, `language_id`) VALUES ('ce2a7648e04e', 'bitrate', '64kbps', '0', 'eng', '6414')
REPLACE INTO `bible_fileset_tags` (`hash_id`, `name`, `description`, `admin_only`, `iso`, `language_id`) VALUES ('007a5c0bdd43', 'sku', 'N2KNJ/SBI', '0', 'eng', '6414')
REPLACE INTO `bible_fileset_tags` (`hash_id`, `name`, `description`, `admin_only`, `iso`, `language_id`) VALUES ('007a5c0bdd43', 'volume', '2001 Edition', '0', 'eng', '6414')
REPLACE INTO `bible_fileset_tags` (`hash_id`, `name`, `description`, `admin_only`, `iso`, `language_id`) VALUES ('229709b39884', 'sku', 'N2KNJ/SBI', '0', 'eng', '6414')
REPLACE INTO `bible_fileset_tags` (`hash_id`, `name`, `description`, `admin_only`, `iso`, `language_id`) VALUES ('229709b39884', 'volume', '2001 Edition', '0', 'eng', '6414')
REPLACE INTO `access_group_filesets` (`hash_id`, `access_group_id`) VALUES ('ce2a7648e04e', 'DBPText')
REPLACE INTO `access_group_filesets` (`hash_id`, `access_group_id`) VALUES ('ce2a7648e04e', 'DBPAudio')
REPLACE INTO `access_group_filesets` (`hash_id`, `access_group_id`) VALUES ('ce2a7648e04e', 'DBPMobile')
REPLACE INTO `access_group_filesets` (`hash_id`, `access_group_id`) VALUES ('ce2a7648e04e', 'DBPWebHub')
REPLACE INTO `access_group_filesets` (`hash_id`, `access_group_id`) VALUES ('ce2a7648e04e', 'Download')
REPLACE INTO `access_group_filesets` (`hash_id`, `access_group_id`) VALUES ('ce2a7648e04e', 'Streaming')
REPLACE INTO `access_group_filesets` (`hash_id`, `access_group_id`) VALUES ('ce2a7648e04e', 'ItunesPodcast')
REPLACE INTO `access_group_filesets` (`hash_id`, `access_group_id`) VALUES ('ce2a7648e04e', 'APIDevText')
REPLACE INTO `access_group_filesets` (`hash_id`, `access_group_id`) VALUES ('ce2a7648e04e', 'APIDevAudio')
REPLACE INTO `access_group_filesets` (`hash_id`, `access_group_id`) VALUES ('ce2a7648e04e', 'MobileText')
REPLACE INTO `access_group_filesets` (`hash_id`, `access_group_id`) VALUES ('ce2a7648e04e', 'HubText')
REPLACE INTO `access_group_filesets` (`hash_id`, `access_group_id`) VALUES ('ce2a7648e04e', 'WebHubVideo')
REPLACE INTO `access_group_filesets` (`hash_id`, `access_group_id`) VALUES ('ce2a7648e04e', 'APIDevVideo')
REPLACE INTO `access_group_filesets` (`hash_id`, `access_group_id`) VALUES ('007a5c0bdd43', 'DBPText')
REPLACE INTO `access_group_filesets` (`hash_id`, `access_group_id`) VALUES ('007a5c0bdd43', 'DBPAudio')
REPLACE INTO `access_group_filesets` (`hash_id`, `access_group_id`) VALUES ('007a5c0bdd43', 'DBPMobile')
REPLACE INTO `access_group_filesets` (`hash_id`, `access_group_id`) VALUES ('007a5c0bdd43', 'DBPWebHub')
REPLACE INTO `access_group_filesets` (`hash_id`, `access_group_id`) VALUES ('007a5c0bdd43', 'Download')
REPLACE INTO `access_group_filesets` (`hash_id`, `access_group_id`) VALUES ('007a5c0bdd43', 'Streaming')
REPLACE INTO `access_group_filesets` (`hash_id`, `access_group_id`) VALUES ('007a5c0bdd43', 'ItunesPodcast')
REPLACE INTO `access_group_filesets` (`hash_id`, `access_group_id`) VALUES ('007a5c0bdd43', 'APIDevText')
REPLACE INTO `access_group_filesets` (`hash_id`, `access_group_id`) VALUES ('007a5c0bdd43', 'APIDevAudio')
REPLACE INTO `access_group_filesets` (`hash_id`, `access_group_id`) VALUES ('007a5c0bdd43', 'MobileText')
REPLACE INTO `access_group_filesets` (`hash_id`, `access_group_id`) VALUES ('007a5c0bdd43', 'HubText')
REPLACE INTO `access_group_filesets` (`hash_id`, `access_group_id`) VALUES ('007a5c0bdd43', 'WebHubVideo')
REPLACE INTO `access_group_filesets` (`hash_id`, `access_group_id`) VALUES ('007a5c0bdd43', 'APIDevVideo')
REPLACE INTO `access_group_filesets` (`hash_id`, `access_group_id`) VALUES ('229709b39884', 'DBPText')
REPLACE INTO `access_group_filesets` (`hash_id`, `access_group_id`) VALUES ('229709b39884', 'DBPAudio')
REPLACE INTO `access_group_filesets` (`hash_id`, `access_group_id`) VALUES ('229709b39884', 'DBPMobile')
REPLACE INTO `access_group_filesets` (`hash_id`, `access_group_id`) VALUES ('229709b39884', 'DBPWebHub')
REPLACE INTO `access_group_filesets` (`hash_id`, `access_group_id`) VALUES ('229709b39884', 'Download')
REPLACE INTO `access_group_filesets` (`hash_id`, `access_group_id`) VALUES ('229709b39884', 'Streaming')
REPLACE INTO `access_group_filesets` (`hash_id`, `access_group_id`) VALUES ('229709b39884', 'ItunesPodcast')
REPLACE INTO `access_group_filesets` (`hash_id`, `access_group_id`) VALUES ('229709b39884', 'APIDevText')
REPLACE INTO `access_group_filesets` (`hash_id`, `access_group_id`) VALUES ('229709b39884', 'APIDevAudio')
REPLACE INTO `access_group_filesets` (`hash_id`, `access_group_id`) VALUES ('229709b39884', 'MobileText')
REPLACE INTO `access_group_filesets` (`hash_id`, `access_group_id`) VALUES ('229709b39884', 'HubText')
REPLACE INTO `access_group_filesets` (`hash_id`, `access_group_id`) VALUES ('229709b39884', 'WebHubVideo')
REPLACE INTO `access_group_filesets` (`hash_id`, `access_group_id`) VALUES ('229709b39884', 'APIDevVideo')
REPLACE INTO `bibles` (`id`, `language_id`, `versification`, `numeral_system_id`, `script`) VALUES ('ACEIBS', 'ace', 'protestant', 'western-arabic', 'Latin')
REPLACE INTO `bible_translations` (`language_id`, `bible_id`, `name`) VALUES ('6414', 'ACEIBS', 'Today's Aceh Version, 1997')
REPLACE INTO `bible_filesets` (`id`, `set_type_code`, `hash_id`, `asset_id`, `set_size_code`) VALUES ('AC1IBSN2DA', 'audio_drama', 'b252bf84a0be', 'dbp-prod', 'P')
REPLACE INTO `bible_filesets` (`id`, `set_type_code`, `hash_id`, `asset_id`, `set_size_code`) VALUES ('AC1IBSN2ET', 'text_format', '68a4a9396c3a', 'dbp-prod', 'P')
REPLACE INTO `bible_filesets` (`id`, `set_type_code`, `hash_id`, `asset_id`, `set_size_code`) VALUES ('AC1IBSO2ET', 'text_format', '4608923a4bb3', 'dbp-prod', 'P')
REPLACE INTO `bible_fileset_connections` (`hash_id`, `bible_id`) VALUES ('b252bf84a0be', 'ACEIBS')
REPLACE INTO `bible_fileset_connections` (`hash_id`, `bible_id`) VALUES ('68a4a9396c3a', 'ACEIBS')
REPLACE INTO `bible_fileset_connections` (`hash_id`, `bible_id`) VALUES ('4608923a4bb3', 'ACEIBS')
REPLACE INTO `bible_fileset_copyrights` (`hash_id`, `copyright`, `copyright_description`) VALUES ('b252bf84a0be', 'Text: © Lembaga Alkitab Indonesia 1997
Audio: ℗ 2007 Hosanna', 'Text: © Lembaga Alkitab Indonesia 1997
Audio: ℗ 2007 Hosanna')
REPLACE INTO `bible_fileset_copyrights` (`hash_id`, `copyright`, `copyright_description`) VALUES ('68a4a9396c3a', '© Lembaga Alkitab Indonesia 1997', '© Lembaga Alkitab Indonesia 1997')
REPLACE INTO `bible_fileset_copyrights` (`hash_id`, `copyright`, `copyright_description`) VALUES ('4608923a4bb3', '© Lembaga Alkitab Indonesia 1997', '© Lembaga Alkitab Indonesia 1997')
REPLACE INTO `bible_fileset_copyright_organizations` (`hash_id`, `organization_id`, `organization_role`) VALUES ('b252bf84a0be', '9', '1')
REPLACE INTO `bible_fileset_copyright_organizations` (`hash_id`, `organization_id`, `organization_role`) VALUES ('68a4a9396c3a', null, '1')
REPLACE INTO `bible_fileset_copyright_organizations` (`hash_id`, `organization_id`, `organization_role`) VALUES ('4608923a4bb3', null, '1')
REPLACE INTO `bible_fileset_tags` (`hash_id`, `name`, `description`, `admin_only`, `iso`, `language_id`) VALUES ('b252bf84a0be', 'sku', 'N2ACE/IBS', '0', 'eng', '6414')
REPLACE INTO `bible_fileset_tags` (`hash_id`, `name`, `description`, `admin_only`, `iso`, `language_id`) VALUES ('b252bf84a0be', 'volume', 'Today's Aceh Version, 1997', '0', 'eng', '6414')
REPLACE INTO `bible_fileset_tags` (`hash_id`, `name`, `description`, `admin_only`, `iso`, `language_id`) VALUES ('b252bf84a0be', 'bitrate', '64kbps', '0', 'eng', '6414')
REPLACE INTO `bible_fileset_tags` (`hash_id`, `name`, `description`, `admin_only`, `iso`, `language_id`) VALUES ('68a4a9396c3a', 'sku', 'N2ACE/IBS', '0', 'eng', '6414')
REPLACE INTO `bible_fileset_tags` (`hash_id`, `name`, `description`, `admin_only`, `iso`, `language_id`) VALUES ('68a4a9396c3a', 'volume', 'Today's Aceh Version, 1997', '0', 'eng', '6414')
REPLACE INTO `bible_fileset_tags` (`hash_id`, `name`, `description`, `admin_only`, `iso`, `language_id`) VALUES ('4608923a4bb3', 'sku', 'N2ACE/IBS', '0', 'eng', '6414')
REPLACE INTO `bible_fileset_tags` (`hash_id`, `name`, `description`, `admin_only`, `iso`, `language_id`) VALUES ('4608923a4bb3', 'volume', 'Today's Aceh Version, 1997', '0', 'eng', '6414')
REPLACE INTO `access_group_filesets` (`hash_id`, `access_group_id`) VALUES ('b252bf84a0be', 'DBPText')
REPLACE INTO `access_group_filesets` (`hash_id`, `access_group_id`) VALUES ('b252bf84a0be', 'DBPTextOT')
REPLACE INTO `access_group_filesets` (`hash_id`, `access_group_id`) VALUES ('b252bf84a0be', 'DBPAudio')
REPLACE INTO `access_group_filesets` (`hash_id`, `access_group_id`) VALUES ('b252bf84a0be', 'DBPMobile')
REPLACE INTO `access_group_filesets` (`hash_id`, `access_group_id`) VALUES ('b252bf84a0be', 'DBPWebHub')
REPLACE INTO `access_group_filesets` (`hash_id`, `access_group_id`) VALUES ('b252bf84a0be', 'Download')
REPLACE INTO `access_group_filesets` (`hash_id`, `access_group_id`) VALUES ('b252bf84a0be', 'Streaming')
REPLACE INTO `access_group_filesets` (`hash_id`, `access_group_id`) VALUES ('b252bf84a0be', 'ItunesPodcast')
REPLACE INTO `access_group_filesets` (`hash_id`, `access_group_id`) VALUES ('b252bf84a0be', 'APIDevText')
REPLACE INTO `access_group_filesets` (`hash_id`, `access_group_id`) VALUES ('b252bf84a0be', 'APIDevAudio')
REPLACE INTO `access_group_filesets` (`hash_id`, `access_group_id`) VALUES ('b252bf84a0be', 'MobileText')
REPLACE INTO `access_group_filesets` (`hash_id`, `access_group_id`) VALUES ('b252bf84a0be', 'HubText')
REPLACE INTO `access_group_filesets` (`hash_id`, `access_group_id`) VALUES ('68a4a9396c3a', 'DBPText')
REPLACE INTO `access_group_filesets` (`hash_id`, `access_group_id`) VALUES ('68a4a9396c3a', 'DBPTextOT')
REPLACE INTO `access_group_filesets` (`hash_id`, `access_group_id`) VALUES ('68a4a9396c3a', 'DBPAudio')
REPLACE INTO `access_group_filesets` (`hash_id`, `access_group_id`) VALUES ('68a4a9396c3a', 'DBPMobile')
REPLACE INTO `access_group_filesets` (`hash_id`, `access_group_id`) VALUES ('68a4a9396c3a', 'DBPWebHub')
REPLACE INTO `access_group_filesets` (`hash_id`, `access_group_id`) VALUES ('68a4a9396c3a', 'Download')
REPLACE INTO `access_group_filesets` (`hash_id`, `access_group_id`) VALUES ('68a4a9396c3a', 'Streaming')
REPLACE INTO `access_group_filesets` (`hash_id`, `access_group_id`) VALUES ('68a4a9396c3a', 'ItunesPodcast')
REPLACE INTO `access_group_filesets` (`hash_id`, `access_group_id`) VALUES ('68a4a9396c3a', 'APIDevText')
REPLACE INTO `access_group_filesets` (`hash_id`, `access_group_id`) VALUES ('68a4a9396c3a', 'APIDevAudio')
REPLACE INTO `access_group_filesets` (`hash_id`, `access_group_id`) VALUES ('68a4a9396c3a', 'MobileText')
REPLACE INTO `access_group_filesets` (`hash_id`, `access_group_id`) VALUES ('68a4a9396c3a', 'HubText')
REPLACE INTO `access_group_filesets` (`hash_id`, `access_group_id`) VALUES ('4608923a4bb3', 'DBPText')
REPLACE INTO `access_group_filesets` (`hash_id`, `access_group_id`) VALUES ('4608923a4bb3', 'DBPTextOT')
REPLACE INTO `access_group_filesets` (`hash_id`, `access_group_id`) VALUES ('4608923a4bb3', 'DBPAudio')
REPLACE INTO `access_group_filesets` (`hash_id`, `access_group_id`) VALUES ('4608923a4bb3', 'DBPMobile')
REPLACE INTO `access_group_filesets` (`hash_id`, `access_group_id`) VALUES ('4608923a4bb3', 'DBPWebHub')
REPLACE INTO `access_group_filesets` (`hash_id`, `access_group_id`) VALUES ('4608923a4bb3', 'Download')
REPLACE INTO `access_group_filesets` (`hash_id`, `access_group_id`) VALUES ('4608923a4bb3', 'Streaming')
REPLACE INTO `access_group_filesets` (`hash_id`, `access_group_id`) VALUES ('4608923a4bb3', 'ItunesPodcast')
REPLACE INTO `access_group_filesets` (`hash_id`, `access_group_id`) VALUES ('4608923a4bb3', 'APIDevText')
REPLACE INTO `access_group_filesets` (`hash_id`, `access_group_id`) VALUES ('4608923a4bb3', 'APIDevAudio')
REPLACE INTO `access_group_filesets` (`hash_id`, `access_group_id`) VALUES ('4608923a4bb3', 'MobileText')
REPLACE INTO `access_group_filesets` (`hash_id`, `access_group_id`) VALUES ('4608923a4bb3', 'HubText')
REPLACE INTO `bibles` (`id`, `language_id`, `versification`, `numeral_system_id`, `script`) VALUES ('ACAWBT', 'aca', 'protestant', 'western-arabic', 'Latin')
REPLACE INTO `bible_translations` (`language_id`, `bible_id`, `name`) VALUES ('6414', 'ACAWBT', '2013 Edition')
REPLACE INTO `bible_filesets` (`id`, `set_type_code`, `hash_id`, `asset_id`, `set_size_code`) VALUES ('ACAWBTP2DA', 'audio_drama', 'c47cee47944e', 'dbp-prod', 'P')
REPLACE INTO `bible_filesets` (`id`, `set_type_code`, `hash_id`, `asset_id`, `set_size_code`) VALUES ('ACAWBTP2ET', 'text_format', '5fa9487e54b3', 'dbp-prod', 'P')
REPLACE INTO `bible_fileset_connections` (`hash_id`, `bible_id`) VALUES ('c47cee47944e', 'ACAWBT')
REPLACE INTO `bible_fileset_connections` (`hash_id`, `bible_id`) VALUES ('5fa9487e54b3', 'ACAWBT')
REPLACE INTO `bible_fileset_copyrights` (`hash_id`, `copyright`, `copyright_description`) VALUES ('c47cee47944e', 'Text: © 2013 The Bible League
Audio: ℗ 2013 Francisco Garcia', 'Text: © 2013 The Bible League
Audio: ℗ 2013 Francisco Garcia')
REPLACE INTO `bible_fileset_copyrights` (`hash_id`, `copyright`, `copyright_description`) VALUES ('5fa9487e54b3', '© 2013 The Bible League', '© 2013 The Bible League')
REPLACE INTO `bible_fileset_copyright_organizations` (`hash_id`, `organization_id`, `organization_role`) VALUES ('c47cee47944e', null, '1')
REPLACE INTO `bible_fileset_copyright_organizations` (`hash_id`, `organization_id`, `organization_role`) VALUES ('5fa9487e54b3', null, '1')
REPLACE INTO `bible_fileset_tags` (`hash_id`, `name`, `description`, `admin_only`, `iso`, `language_id`) VALUES ('c47cee47944e', 'sku', 'P2ACA/WBT', '0', 'eng', '6414')
REPLACE INTO `bible_fileset_tags` (`hash_id`, `name`, `description`, `admin_only`, `iso`, `language_id`) VALUES ('c47cee47944e', 'volume', '2013 Edition', '0', 'eng', '6414')
REPLACE INTO `bible_fileset_tags` (`hash_id`, `name`, `description`, `admin_only`, `iso`, `language_id`) VALUES ('c47cee47944e', 'bitrate', '64kbps', '0', 'eng', '6414')
REPLACE INTO `bible_fileset_tags` (`hash_id`, `name`, `description`, `admin_only`, `iso`, `language_id`) VALUES ('5fa9487e54b3', 'sku', 'P2ACA/WBT', '0', 'eng', '6414')
REPLACE INTO `bible_fileset_tags` (`hash_id`, `name`, `description`, `admin_only`, `iso`, `language_id`) VALUES ('5fa9487e54b3', 'volume', '2013 Edition', '0', 'eng', '6414')
REPLACE INTO `access_group_filesets` (`hash_id`, `access_group_id`) VALUES ('c47cee47944e', 'DBPText')
REPLACE INTO `access_group_filesets` (`hash_id`, `access_group_id`) VALUES ('c47cee47944e', 'DBPTextOT')
REPLACE INTO `access_group_filesets` (`hash_id`, `access_group_id`) VALUES ('c47cee47944e', 'DBPAudio')
REPLACE INTO `access_group_filesets` (`hash_id`, `access_group_id`) VALUES ('c47cee47944e', 'DBPMobile')
REPLACE INTO `access_group_filesets` (`hash_id`, `access_group_id`) VALUES ('c47cee47944e', 'DBPWebHub')
REPLACE INTO `access_group_filesets` (`hash_id`, `access_group_id`) VALUES ('c47cee47944e', 'Download')
REPLACE INTO `access_group_filesets` (`hash_id`, `access_group_id`) VALUES ('c47cee47944e', 'Streaming')
REPLACE INTO `access_group_filesets` (`hash_id`, `access_group_id`) VALUES ('c47cee47944e', 'ItunesPodcast')
REPLACE INTO `access_group_filesets` (`hash_id`, `access_group_id`) VALUES ('c47cee47944e', 'APIDevText')
REPLACE INTO `access_group_filesets` (`hash_id`, `access_group_id`) VALUES ('c47cee47944e', 'APIDevAudio')
REPLACE INTO `access_group_filesets` (`hash_id`, `access_group_id`) VALUES ('c47cee47944e', 'MobileText')
REPLACE INTO `access_group_filesets` (`hash_id`, `access_group_id`) VALUES ('c47cee47944e', 'HubText')
REPLACE INTO `access_group_filesets` (`hash_id`, `access_group_id`) VALUES ('c47cee47944e', 'WebHubVideo')
REPLACE INTO `access_group_filesets` (`hash_id`, `access_group_id`) VALUES ('c47cee47944e', 'APIDevVideo')
REPLACE INTO `access_group_filesets` (`hash_id`, `access_group_id`) VALUES ('5fa9487e54b3', 'DBPText')
REPLACE INTO `access_group_filesets` (`hash_id`, `access_group_id`) VALUES ('5fa9487e54b3', 'DBPTextOT')
REPLACE INTO `access_group_filesets` (`hash_id`, `access_group_id`) VALUES ('5fa9487e54b3', 'DBPAudio')
REPLACE INTO `access_group_filesets` (`hash_id`, `access_group_id`) VALUES ('5fa9487e54b3', 'DBPMobile')
REPLACE INTO `access_group_filesets` (`hash_id`, `access_group_id`) VALUES ('5fa9487e54b3', 'DBPWebHub')
REPLACE INTO `access_group_filesets` (`hash_id`, `access_group_id`) VALUES ('5fa9487e54b3', 'Download')
REPLACE INTO `access_group_filesets` (`hash_id`, `access_group_id`) VALUES ('5fa9487e54b3', 'Streaming')
REPLACE INTO `access_group_filesets` (`hash_id`, `access_group_id`) VALUES ('5fa9487e54b3', 'ItunesPodcast')
REPLACE INTO `access_group_filesets` (`hash_id`, `access_group_id`) VALUES ('5fa9487e54b3', 'APIDevText')
REPLACE INTO `access_group_filesets` (`hash_id`, `access_group_id`) VALUES ('5fa9487e54b3', 'APIDevAudio')
REPLACE INTO `access_group_filesets` (`hash_id`, `access_group_id`) VALUES ('5fa9487e54b3', 'MobileText')
REPLACE INTO `access_group_filesets` (`hash_id`, `access_group_id`) VALUES ('5fa9487e54b3', 'HubText')
REPLACE INTO `access_group_filesets` (`hash_id`, `access_group_id`) VALUES ('5fa9487e54b3', 'WebHubVideo')
REPLACE INTO `access_group_filesets` (`hash_id`, `access_group_id`) VALUES ('5fa9487e54b3', 'APIDevVideo')
REPLACE INTO `bibles` (`id`, `language_id`, `versification`, `numeral_system_id`, `script`) VALUES ('GUQLPY', 'guq', 'protestant', 'western-arabic', 'Latin')
REPLACE INTO `bible_translations` (`language_id`, `bible_id`, `name`) VALUES ('6414', 'GUQLPY', 'LETRA Version')
REPLACE INTO `bible_filesets` (`id`, `set_type_code`, `hash_id`, `asset_id`, `set_size_code`) VALUES ('GUQLPYN2DA', 'audio_drama', '0af562f56d93', 'dbp-prod', 'P')
REPLACE INTO `bible_filesets` (`id`, `set_type_code`, `hash_id`, `asset_id`, `set_size_code`) VALUES ('GUQLPYN1DA', 'audio', '35c5c294ae4f', 'dbp-prod', 'P')
REPLACE INTO `bible_filesets` (`id`, `set_type_code`, `hash_id`, `asset_id`, `set_size_code`) VALUES ('GUQLPYN2ET', 'text_format', '8fa3c5b73504', 'dbp-prod', 'P')
REPLACE INTO `bible_filesets` (`id`, `set_type_code`, `hash_id`, `asset_id`, `set_size_code`) VALUES ('GUQLPYN1ET', 'text_format', '4111b734903d', 'dbp-prod', 'P')
REPLACE INTO `bible_fileset_connections` (`hash_id`, `bible_id`) VALUES ('0af562f56d93', 'GUQLPY')
REPLACE INTO `bible_fileset_connections` (`hash_id`, `bible_id`) VALUES ('35c5c294ae4f', 'GUQLPY')
REPLACE INTO `bible_fileset_connections` (`hash_id`, `bible_id`) VALUES ('8fa3c5b73504', 'GUQLPY')
REPLACE INTO `bible_fileset_connections` (`hash_id`, `bible_id`) VALUES ('4111b734903d', 'GUQLPY')
REPLACE INTO `bible_fileset_copyrights` (`hash_id`, `copyright`, `copyright_description`) VALUES ('0af562f56d93', 'Text: © LETRA Paraguay
Audio: ℗ 2014 Hosanna', 'Text: © LETRA Paraguay
Audio: ℗ 2014 Hosanna')
REPLACE INTO `bible_fileset_copyrights` (`hash_id`, `copyright`, `copyright_description`) VALUES ('35c5c294ae4f', 'Text: © LETRA Paraguay
Audio: ℗ 2014 Hosanna', 'Text: © LETRA Paraguay
Audio: ℗ 2014 Hosanna')
REPLACE INTO `bible_fileset_copyrights` (`hash_id`, `copyright`, `copyright_description`) VALUES ('8fa3c5b73504', '© LETRA Paraguay', '© LETRA Paraguay')
REPLACE INTO `bible_fileset_copyrights` (`hash_id`, `copyright`, `copyright_description`) VALUES ('4111b734903d', '© LETRA Paraguay', '© LETRA Paraguay')
REPLACE INTO `bible_fileset_copyright_organizations` (`hash_id`, `organization_id`, `organization_role`) VALUES ('0af562f56d93', '9', '1')
REPLACE INTO `bible_fileset_copyright_organizations` (`hash_id`, `organization_id`, `organization_role`) VALUES ('35c5c294ae4f', '9', '1')
REPLACE INTO `bible_fileset_copyright_organizations` (`hash_id`, `organization_id`, `organization_role`) VALUES ('8fa3c5b73504', null, '1')
REPLACE INTO `bible_fileset_copyright_organizations` (`hash_id`, `organization_id`, `organization_role`) VALUES ('4111b734903d', null, '1')
REPLACE INTO `bible_fileset_tags` (`hash_id`, `name`, `description`, `admin_only`, `iso`, `language_id`) VALUES ('0af562f56d93', 'sku', 'N2GUQ/LPY', '0', 'eng', '6414')
REPLACE INTO `bible_fileset_tags` (`hash_id`, `name`, `description`, `admin_only`, `iso`, `language_id`) VALUES ('0af562f56d93', 'volume', 'LETRA Version', '0', 'eng', '6414')
REPLACE INTO `bible_fileset_tags` (`hash_id`, `name`, `description`, `admin_only`, `iso`, `language_id`) VALUES ('0af562f56d93', 'bitrate', '64kbps', '0', 'eng', '6414')
REPLACE INTO `bible_fileset_tags` (`hash_id`, `name`, `description`, `admin_only`, `iso`, `language_id`) VALUES ('35c5c294ae4f', 'sku', 'N2GUQ/LPY', '0', 'eng', '6414')
REPLACE INTO `bible_fileset_tags` (`hash_id`, `name`, `description`, `admin_only`, `iso`, `language_id`) VALUES ('35c5c294ae4f', 'volume', 'LETRA Version', '0', 'eng', '6414')
REPLACE INTO `bible_fileset_tags` (`hash_id`, `name`, `description`, `admin_only`, `iso`, `language_id`) VALUES ('35c5c294ae4f', 'bitrate', '64kbps', '0', 'eng', '6414')
REPLACE INTO `bible_fileset_tags` (`hash_id`, `name`, `description`, `admin_only`, `iso`, `language_id`) VALUES ('8fa3c5b73504', 'sku', 'N2GUQ/LPY', '0', 'eng', '6414')
REPLACE INTO `bible_fileset_tags` (`hash_id`, `name`, `description`, `admin_only`, `iso`, `language_id`) VALUES ('8fa3c5b73504', 'volume', 'LETRA Version', '0', 'eng', '6414')
REPLACE INTO `bible_fileset_tags` (`hash_id`, `name`, `description`, `admin_only`, `iso`, `language_id`) VALUES ('4111b734903d', 'sku', 'N2GUQ/LPY', '0', 'eng', '6414')
REPLACE INTO `bible_fileset_tags` (`hash_id`, `name`, `description`, `admin_only`, `iso`, `language_id`) VALUES ('4111b734903d', 'volume', 'LETRA Version', '0', 'eng', '6414')
REPLACE INTO `access_group_filesets` (`hash_id`, `access_group_id`) VALUES ('0af562f56d93', 'DBPText')
REPLACE INTO `access_group_filesets` (`hash_id`, `access_group_id`) VALUES ('0af562f56d93', 'DBPAudio')
REPLACE INTO `access_group_filesets` (`hash_id`, `access_group_id`) VALUES ('0af562f56d93', 'DBPMobile')
REPLACE INTO `access_group_filesets` (`hash_id`, `access_group_id`) VALUES ('0af562f56d93', 'DBPWebHub')
REPLACE INTO `access_group_filesets` (`hash_id`, `access_group_id`) VALUES ('0af562f56d93', 'Download')
REPLACE INTO `access_group_filesets` (`hash_id`, `access_group_id`) VALUES ('0af562f56d93', 'Streaming')
REPLACE INTO `access_group_filesets` (`hash_id`, `access_group_id`) VALUES ('0af562f56d93', 'ItunesPodcast')
REPLACE INTO `access_group_filesets` (`hash_id`, `access_group_id`) VALUES ('0af562f56d93', 'APIDevText')
REPLACE INTO `access_group_filesets` (`hash_id`, `access_group_id`) VALUES ('0af562f56d93', 'APIDevAudio')
REPLACE INTO `access_group_filesets` (`hash_id`, `access_group_id`) VALUES ('0af562f56d93', 'MobileText')
REPLACE INTO `access_group_filesets` (`hash_id`, `access_group_id`) VALUES ('0af562f56d93', 'HubText')
REPLACE INTO `access_group_filesets` (`hash_id`, `access_group_id`) VALUES ('35c5c294ae4f', 'DBPText')
REPLACE INTO `access_group_filesets` (`hash_id`, `access_group_id`) VALUES ('35c5c294ae4f', 'DBPAudio')
REPLACE INTO `access_group_filesets` (`hash_id`, `access_group_id`) VALUES ('35c5c294ae4f', 'DBPMobile')
REPLACE INTO `access_group_filesets` (`hash_id`, `access_group_id`) VALUES ('35c5c294ae4f', 'DBPWebHub')
REPLACE INTO `access_group_filesets` (`hash_id`, `access_group_id`) VALUES ('35c5c294ae4f', 'Download')
REPLACE INTO `access_group_filesets` (`hash_id`, `access_group_id`) VALUES ('35c5c294ae4f', 'Streaming')
REPLACE INTO `access_group_filesets` (`hash_id`, `access_group_id`) VALUES ('35c5c294ae4f', 'ItunesPodcast')
REPLACE INTO `access_group_filesets` (`hash_id`, `access_group_id`) VALUES ('35c5c294ae4f', 'APIDevText')
REPLACE INTO `access_group_filesets` (`hash_id`, `access_group_id`) VALUES ('35c5c294ae4f', 'APIDevAudio')
REPLACE INTO `access_group_filesets` (`hash_id`, `access_group_id`) VALUES ('35c5c294ae4f', 'MobileText')
REPLACE INTO `access_group_filesets` (`hash_id`, `access_group_id`) VALUES ('35c5c294ae4f', 'HubText')
REPLACE INTO `access_group_filesets` (`hash_id`, `access_group_id`) VALUES ('8fa3c5b73504', 'DBPText')
REPLACE INTO `access_group_filesets` (`hash_id`, `access_group_id`) VALUES ('8fa3c5b73504', 'DBPAudio')
REPLACE INTO `access_group_filesets` (`hash_id`, `access_group_id`) VALUES ('8fa3c5b73504', 'DBPMobile')
REPLACE INTO `access_group_filesets` (`hash_id`, `access_group_id`) VALUES ('8fa3c5b73504', 'DBPWebHub')
REPLACE INTO `access_group_filesets` (`hash_id`, `access_group_id`) VALUES ('8fa3c5b73504', 'Download')
REPLACE INTO `access_group_filesets` (`hash_id`, `access_group_id`) VALUES ('8fa3c5b73504', 'Streaming')
REPLACE INTO `access_group_filesets` (`hash_id`, `access_group_id`) VALUES ('8fa3c5b73504', 'ItunesPodcast')
REPLACE INTO `access_group_filesets` (`hash_id`, `access_group_id`) VALUES ('8fa3c5b73504', 'APIDevText')
REPLACE INTO `access_group_filesets` (`hash_id`, `access_group_id`) VALUES ('8fa3c5b73504', 'APIDevAudio')
REPLACE INTO `access_group_filesets` (`hash_id`, `access_group_id`) VALUES ('8fa3c5b73504', 'MobileText')
REPLACE INTO `access_group_filesets` (`hash_id`, `access_group_id`) VALUES ('8fa3c5b73504', 'HubText')
REPLACE INTO `access_group_filesets` (`hash_id`, `access_group_id`) VALUES ('4111b734903d', 'DBPText')
REPLACE INTO `access_group_filesets` (`hash_id`, `access_group_id`) VALUES ('4111b734903d', 'DBPAudio')
REPLACE INTO `access_group_filesets` (`hash_id`, `access_group_id`) VALUES ('4111b734903d', 'DBPMobile')
REPLACE INTO `access_group_filesets` (`hash_id`, `access_group_id`) VALUES ('4111b734903d', 'DBPWebHub')
REPLACE INTO `access_group_filesets` (`hash_id`, `access_group_id`) VALUES ('4111b734903d', 'Download')
REPLACE INTO `access_group_filesets` (`hash_id`, `access_group_id`) VALUES ('4111b734903d', 'Streaming')
REPLACE INTO `access_group_filesets` (`hash_id`, `access_group_id`) VALUES ('4111b734903d', 'ItunesPodcast')
REPLACE INTO `access_group_filesets` (`hash_id`, `access_group_id`) VALUES ('4111b734903d', 'APIDevText')
REPLACE INTO `access_group_filesets` (`hash_id`, `access_group_id`) VALUES ('4111b734903d', 'APIDevAudio')
REPLACE INTO `access_group_filesets` (`hash_id`, `access_group_id`) VALUES ('4111b734903d', 'MobileText')
REPLACE INTO `access_group_filesets` (`hash_id`, `access_group_id`) VALUES ('4111b734903d', 'HubText')
REPLACE INTO `bibles` (`id`, `language_id`, `versification`, `numeral_system_id`, `script`) VALUES ('ACRNNT', 'acr', 'protestant', 'western-arabic', 'Latin')
REPLACE INTO `bible_translations` (`language_id`, `bible_id`, `name`) VALUES ('6414', 'ACRNNT', '2009 Edition')
REPLACE INTO `bible_filesets` (`id`, `set_type_code`, `hash_id`, `asset_id`, `set_size_code`) VALUES ('ACRWBTN2DA', 'audio_drama', 'c1bb7ac576ca', 'dbp-prod', 'P')
REPLACE INTO `bible_filesets` (`id`, `set_type_code`, `hash_id`, `asset_id`, `set_size_code`) VALUES ('ACRWB1N2DA', 'audio_drama', '630a1ac58d6c', 'dbp-prod', 'P')
REPLACE INTO `bible_filesets` (`id`, `set_type_code`, `hash_id`, `asset_id`, `set_size_code`) VALUES ('ACRWBTN2ET', 'text_format', 'c60b75fcb59f', 'dbp-prod', 'P')
REPLACE INTO `bible_filesets` (`id`, `set_type_code`, `hash_id`, `asset_id`, `set_size_code`) VALUES ('ACRWB1N2ET', 'text_format', 'b5f6832d3961', 'dbp-prod', 'P')
REPLACE INTO `bible_filesets` (`id`, `set_type_code`, `hash_id`, `asset_id`, `set_size_code`) VALUES ('ACRWBTP2DV', 'text_format', '81877f9e9c37', 'dbp-prod', 'P')
REPLACE INTO `bible_fileset_connections` (`hash_id`, `bible_id`) VALUES ('c1bb7ac576ca', 'ACRNNT')
REPLACE INTO `bible_fileset_connections` (`hash_id`, `bible_id`) VALUES ('630a1ac58d6c', 'ACRNNT')
REPLACE INTO `bible_fileset_connections` (`hash_id`, `bible_id`) VALUES ('c60b75fcb59f', 'ACRNNT')
REPLACE INTO `bible_fileset_connections` (`hash_id`, `bible_id`) VALUES ('b5f6832d3961', 'ACRNNT')
REPLACE INTO `bible_fileset_connections` (`hash_id`, `bible_id`) VALUES ('81877f9e9c37', 'ACRNNT')
REPLACE INTO `bible_fileset_copyrights` (`hash_id`, `copyright`, `copyright_description`) VALUES ('c1bb7ac576ca', 'Text: © 2009 Wycliffe Bible Translators, Inc.
Audio: ℗ 2009 Hosanna', 'Text: © 2009 Wycliffe Bible Translators, Inc.
Audio: ℗ 2009 Hosanna')
REPLACE INTO `bible_fileset_copyrights` (`hash_id`, `copyright`, `copyright_description`) VALUES ('630a1ac58d6c', 'Text: © 2009 Wycliffe Bible Translators, Inc.
Audio: ℗ 2009 Hosanna', 'Text: © 2009 Wycliffe Bible Translators, Inc.
Audio: ℗ 2009 Hosanna')
REPLACE INTO `bible_fileset_copyrights` (`hash_id`, `copyright`, `copyright_description`) VALUES ('c60b75fcb59f', '© 2009 Wycliffe Bible Translators, Inc.', '© 2009 Wycliffe Bible Translators, Inc.')
REPLACE INTO `bible_fileset_copyrights` (`hash_id`, `copyright`, `copyright_description`) VALUES ('b5f6832d3961', '© 2009 Wycliffe Bible Translators, Inc.', '© 2009 Wycliffe Bible Translators, Inc.')
REPLACE INTO `bible_fileset_copyrights` (`hash_id`, `copyright`, `copyright_description`) VALUES ('81877f9e9c37', '© 2009 Wycliffe Bible Translators, Inc.', '© 2009 Wycliffe Bible Translators, Inc.')
REPLACE INTO `bible_fileset_copyright_organizations` (`hash_id`, `organization_id`, `organization_role`) VALUES ('c1bb7ac576ca', '9', '1')
REPLACE INTO `bible_fileset_copyright_organizations` (`hash_id`, `organization_id`, `organization_role`) VALUES ('630a1ac58d6c', '9', '1')
REPLACE INTO `bible_fileset_copyright_organizations` (`hash_id`, `organization_id`, `organization_role`) VALUES ('c60b75fcb59f', null, '1')
REPLACE INTO `bible_fileset_copyright_organizations` (`hash_id`, `organization_id`, `organization_role`) VALUES ('b5f6832d3961', null, '1')
REPLACE INTO `bible_fileset_copyright_organizations` (`hash_id`, `organization_id`, `organization_role`) VALUES ('81877f9e9c37', null, '1')
REPLACE INTO `bible_fileset_tags` (`hash_id`, `name`, `description`, `admin_only`, `iso`, `language_id`) VALUES ('c1bb7ac576ca', 'sku', 'N2ACR/WBT', '0', 'eng', '6414')
REPLACE INTO `bible_fileset_tags` (`hash_id`, `name`, `description`, `admin_only`, `iso`, `language_id`) VALUES ('c1bb7ac576ca', 'volume', '2009 Edition', '0', 'eng', '6414')
REPLACE INTO `bible_fileset_tags` (`hash_id`, `name`, `description`, `admin_only`, `iso`, `language_id`) VALUES ('c1bb7ac576ca', 'bitrate', '64kbps', '0', 'eng', '6414')
REPLACE INTO `bible_fileset_tags` (`hash_id`, `name`, `description`, `admin_only`, `iso`, `language_id`) VALUES ('630a1ac58d6c', 'sku', 'N2ACR/WBT', '0', 'eng', '6414')
REPLACE INTO `bible_fileset_tags` (`hash_id`, `name`, `description`, `admin_only`, `iso`, `language_id`) VALUES ('630a1ac58d6c', 'volume', '2009 Edition', '0', 'eng', '6414')
REPLACE INTO `bible_fileset_tags` (`hash_id`, `name`, `description`, `admin_only`, `iso`, `language_id`) VALUES ('630a1ac58d6c', 'bitrate', '64kbps', '0', 'eng', '6414')
REPLACE INTO `bible_fileset_tags` (`hash_id`, `name`, `description`, `admin_only`, `iso`, `language_id`) VALUES ('c60b75fcb59f', 'sku', 'N2ACR/WBT', '0', 'eng', '6414')
REPLACE INTO `bible_fileset_tags` (`hash_id`, `name`, `description`, `admin_only`, `iso`, `language_id`) VALUES ('c60b75fcb59f', 'volume', '2009 Edition', '0', 'eng', '6414')
REPLACE INTO `bible_fileset_tags` (`hash_id`, `name`, `description`, `admin_only`, `iso`, `language_id`) VALUES ('b5f6832d3961', 'sku', 'N2ACR/WBT', '0', 'eng', '6414')
REPLACE INTO `bible_fileset_tags` (`hash_id`, `name`, `description`, `admin_only`, `iso`, `language_id`) VALUES ('b5f6832d3961', 'volume', '2009 Edition', '0', 'eng', '6414')
REPLACE INTO `bible_fileset_tags` (`hash_id`, `name`, `description`, `admin_only`, `iso`, `language_id`) VALUES ('81877f9e9c37', 'sku', 'N2ACR/WBT', '0', 'eng', '6414')
REPLACE INTO `bible_fileset_tags` (`hash_id`, `name`, `description`, `admin_only`, `iso`, `language_id`) VALUES ('81877f9e9c37', 'volume', '2009 Edition', '0', 'eng', '6414')
REPLACE INTO `access_group_filesets` (`hash_id`, `access_group_id`) VALUES ('c1bb7ac576ca', 'DBPText')
REPLACE INTO `access_group_filesets` (`hash_id`, `access_group_id`) VALUES ('c1bb7ac576ca', 'DBPAudio')
REPLACE INTO `access_group_filesets` (`hash_id`, `access_group_id`) VALUES ('c1bb7ac576ca', 'DBPMobile')
REPLACE INTO `access_group_filesets` (`hash_id`, `access_group_id`) VALUES ('c1bb7ac576ca', 'DBPWebHub')
REPLACE INTO `access_group_filesets` (`hash_id`, `access_group_id`) VALUES ('c1bb7ac576ca', 'Download')
REPLACE INTO `access_group_filesets` (`hash_id`, `access_group_id`) VALUES ('c1bb7ac576ca', 'Streaming')
REPLACE INTO `access_group_filesets` (`hash_id`, `access_group_id`) VALUES ('c1bb7ac576ca', 'ItunesPodcast')
REPLACE INTO `access_group_filesets` (`hash_id`, `access_group_id`) VALUES ('c1bb7ac576ca', 'APIDevText')
REPLACE INTO `access_group_filesets` (`hash_id`, `access_group_id`) VALUES ('c1bb7ac576ca', 'APIDevAudio')
REPLACE INTO `access_group_filesets` (`hash_id`, `access_group_id`) VALUES ('c1bb7ac576ca', 'MobileText')
REPLACE INTO `access_group_filesets` (`hash_id`, `access_group_id`) VALUES ('c1bb7ac576ca', 'HubText')
REPLACE INTO `access_group_filesets` (`hash_id`, `access_group_id`) VALUES ('c1bb7ac576ca', 'WebHubVideo')
REPLACE INTO `access_group_filesets` (`hash_id`, `access_group_id`) VALUES ('c1bb7ac576ca', 'APIDevVideo')
REPLACE INTO `access_group_filesets` (`hash_id`, `access_group_id`) VALUES ('630a1ac58d6c', 'DBPText')
REPLACE INTO `access_group_filesets` (`hash_id`, `access_group_id`) VALUES ('630a1ac58d6c', 'DBPAudio')
REPLACE INTO `access_group_filesets` (`hash_id`, `access_group_id`) VALUES ('630a1ac58d6c', 'DBPMobile')
REPLACE INTO `access_group_filesets` (`hash_id`, `access_group_id`) VALUES ('630a1ac58d6c', 'DBPWebHub')
REPLACE INTO `access_group_filesets` (`hash_id`, `access_group_id`) VALUES ('630a1ac58d6c', 'Download')
REPLACE INTO `access_group_filesets` (`hash_id`, `access_group_id`) VALUES ('630a1ac58d6c', 'Streaming')
REPLACE INTO `access_group_filesets` (`hash_id`, `access_group_id`) VALUES ('630a1ac58d6c', 'ItunesPodcast')
REPLACE INTO `access_group_filesets` (`hash_id`, `access_group_id`) VALUES ('630a1ac58d6c', 'APIDevText')
REPLACE INTO `access_group_filesets` (`hash_id`, `access_group_id`) VALUES ('630a1ac58d6c', 'APIDevAudio')
REPLACE INTO `access_group_filesets` (`hash_id`, `access_group_id`) VALUES ('630a1ac58d6c', 'MobileText')
REPLACE INTO `access_group_filesets` (`hash_id`, `access_group_id`) VALUES ('630a1ac58d6c', 'HubText')
REPLACE INTO `access_group_filesets` (`hash_id`, `access_group_id`) VALUES ('630a1ac58d6c', 'WebHubVideo')
REPLACE INTO `access_group_filesets` (`hash_id`, `access_group_id`) VALUES ('630a1ac58d6c', 'APIDevVideo')
REPLACE INTO `access_group_filesets` (`hash_id`, `access_group_id`) VALUES ('c60b75fcb59f', 'DBPText')
REPLACE INTO `access_group_filesets` (`hash_id`, `access_group_id`) VALUES ('c60b75fcb59f', 'DBPAudio')
REPLACE INTO `access_group_filesets` (`hash_id`, `access_group_id`) VALUES ('c60b75fcb59f', 'DBPMobile')
REPLACE INTO `access_group_filesets` (`hash_id`, `access_group_id`) VALUES ('c60b75fcb59f', 'DBPWebHub')
REPLACE INTO `access_group_filesets` (`hash_id`, `access_group_id`) VALUES ('c60b75fcb59f', 'Download')
REPLACE INTO `access_group_filesets` (`hash_id`, `access_group_id`) VALUES ('c60b75fcb59f', 'Streaming')
REPLACE INTO `access_group_filesets` (`hash_id`, `access_group_id`) VALUES ('c60b75fcb59f', 'ItunesPodcast')
REPLACE INTO `access_group_filesets` (`hash_id`, `access_group_id`) VALUES ('c60b75fcb59f', 'APIDevText')
REPLACE INTO `access_group_filesets` (`hash_id`, `access_group_id`) VALUES ('c60b75fcb59f', 'APIDevAudio')
REPLACE INTO `access_group_filesets` (`hash_id`, `access_group_id`) VALUES ('c60b75fcb59f', 'MobileText')
REPLACE INTO `access_group_filesets` (`hash_id`, `access_group_id`) VALUES ('c60b75fcb59f', 'HubText')
REPLACE INTO `access_group_filesets` (`hash_id`, `access_group_id`) VALUES ('c60b75fcb59f', 'WebHubVideo')
REPLACE INTO `access_group_filesets` (`hash_id`, `access_group_id`) VALUES ('c60b75fcb59f', 'APIDevVideo')
REPLACE INTO `access_group_filesets` (`hash_id`, `access_group_id`) VALUES ('b5f6832d3961', 'DBPText')
REPLACE INTO `access_group_filesets` (`hash_id`, `access_group_id`) VALUES ('b5f6832d3961', 'DBPAudio')
REPLACE INTO `access_group_filesets` (`hash_id`, `access_group_id`) VALUES ('b5f6832d3961', 'DBPMobile')
REPLACE INTO `access_group_filesets` (`hash_id`, `access_group_id`) VALUES ('b5f6832d3961', 'DBPWebHub')
REPLACE INTO `access_group_filesets` (`hash_id`, `access_group_id`) VALUES ('b5f6832d3961', 'Download')
REPLACE INTO `access_group_filesets` (`hash_id`, `access_group_id`) VALUES ('b5f6832d3961', 'Streaming')
REPLACE INTO `access_group_filesets` (`hash_id`, `access_group_id`) VALUES ('b5f6832d3961', 'ItunesPodcast')
REPLACE INTO `access_group_filesets` (`hash_id`, `access_group_id`) VALUES ('b5f6832d3961', 'APIDevText')
REPLACE INTO `access_group_filesets` (`hash_id`, `access_group_id`) VALUES ('b5f6832d3961', 'APIDevAudio')
REPLACE INTO `access_group_filesets` (`hash_id`, `access_group_id`) VALUES ('b5f6832d3961', 'MobileText')
REPLACE INTO `access_group_filesets` (`hash_id`, `access_group_id`) VALUES ('b5f6832d3961', 'HubText')
REPLACE INTO `access_group_filesets` (`hash_id`, `access_group_id`) VALUES ('b5f6832d3961', 'WebHubVideo')
REPLACE INTO `access_group_filesets` (`hash_id`, `access_group_id`) VALUES ('b5f6832d3961', 'APIDevVideo')
REPLACE INTO `access_group_filesets` (`hash_id`, `access_group_id`) VALUES ('81877f9e9c37', 'DBPText')
REPLACE INTO `access_group_filesets` (`hash_id`, `access_group_id`) VALUES ('81877f9e9c37', 'DBPAudio')
REPLACE INTO `access_group_filesets` (`hash_id`, `access_group_id`) VALUES ('81877f9e9c37', 'DBPMobile')
REPLACE INTO `access_group_filesets` (`hash_id`, `access_group_id`) VALUES ('81877f9e9c37', 'DBPWebHub')
REPLACE INTO `access_group_filesets` (`hash_id`, `access_group_id`) VALUES ('81877f9e9c37', 'Download')
REPLACE INTO `access_group_filesets` (`hash_id`, `access_group_id`) VALUES ('81877f9e9c37', 'Streaming')
REPLACE INTO `access_group_filesets` (`hash_id`, `access_group_id`) VALUES ('81877f9e9c37', 'ItunesPodcast')
REPLACE INTO `access_group_filesets` (`hash_id`, `access_group_id`) VALUES ('81877f9e9c37', 'APIDevText')
REPLACE INTO `access_group_filesets` (`hash_id`, `access_group_id`) VALUES ('81877f9e9c37', 'APIDevAudio')
REPLACE INTO `access_group_filesets` (`hash_id`, `access_group_id`) VALUES ('81877f9e9c37', 'MobileText')
REPLACE INTO `access_group_filesets` (`hash_id`, `access_group_id`) VALUES ('81877f9e9c37', 'HubText')
REPLACE INTO `access_group_filesets` (`hash_id`, `access_group_id`) VALUES ('81877f9e9c37', 'WebHubVideo')
REPLACE INTO `access_group_filesets` (`hash_id`, `access_group_id`) VALUES ('81877f9e9c37', 'APIDevVideo')
REPLACE INTO `bibles` (`id`, `language_id`, `versification`, `numeral_system_id`, `script`) VALUES ('ACRAEM', 'acr', 'protestant', 'western-arabic', 'Latin')
REPLACE INTO `bible_translations` (`language_id`, `bible_id`, `name`) VALUES ('6414', 'ACRAEM', 'AECM Version')
REPLACE INTO `bible_filesets` (`id`, `set_type_code`, `hash_id`, `asset_id`, `set_size_code`) VALUES ('ACRAEMP2DA', 'audio_drama', 'a843e96d49d7', 'dbp-prod', 'P')
REPLACE INTO `bible_filesets` (`id`, `set_type_code`, `hash_id`, `asset_id`, `set_size_code`) VALUES ('ACRAEMP1DA', 'audio', 'a0802476e33c', 'dbp-prod', 'P')
REPLACE INTO `bible_filesets` (`id`, `set_type_code`, `hash_id`, `asset_id`, `set_size_code`) VALUES ('ACRAEMP2ET', 'text_format', '327b3f594143', 'dbp-prod', 'P')
REPLACE INTO `bible_filesets` (`id`, `set_type_code`, `hash_id`, `asset_id`, `set_size_code`) VALUES ('ACRAEMP1ET', 'text_format', 'a2b5ba48b090', 'dbp-prod', 'P')
REPLACE INTO `bible_fileset_connections` (`hash_id`, `bible_id`) VALUES ('a843e96d49d7', 'ACRAEM')
REPLACE INTO `bible_fileset_connections` (`hash_id`, `bible_id`) VALUES ('a0802476e33c', 'ACRAEM')
REPLACE INTO `bible_fileset_connections` (`hash_id`, `bible_id`) VALUES ('327b3f594143', 'ACRAEM')
REPLACE INTO `bible_fileset_connections` (`hash_id`, `bible_id`) VALUES ('a2b5ba48b090', 'ACRAEM')
REPLACE INTO `bible_fileset_copyrights` (`hash_id`, `copyright`, `copyright_description`) VALUES ('a843e96d49d7', 'Text: © Asociación Educativa y Cultural Maya
Audio: ℗ 2016 Hosanna', 'Text: © Asociación Educativa y Cultural Maya
Audio: ℗ 2016 Hosanna')
REPLACE INTO `bible_fileset_copyrights` (`hash_id`, `copyright`, `copyright_description`) VALUES ('a0802476e33c', 'Text: © Asociación Educativa y Cultural Maya
Audio: ℗ 2016 Hosanna', 'Text: © Asociación Educativa y Cultural Maya
Audio: ℗ 2016 Hosanna')
REPLACE INTO `bible_fileset_copyrights` (`hash_id`, `copyright`, `copyright_description`) VALUES ('327b3f594143', '© Asociación Educativa y Cultural Maya', '© Asociación Educativa y Cultural Maya')
REPLACE INTO `bible_fileset_copyrights` (`hash_id`, `copyright`, `copyright_description`) VALUES ('a2b5ba48b090', '© Asociación Educativa y Cultural Maya', '© Asociación Educativa y Cultural Maya')
REPLACE INTO `bible_fileset_copyright_organizations` (`hash_id`, `organization_id`, `organization_role`) VALUES ('a843e96d49d7', '9', '1')
REPLACE INTO `bible_fileset_copyright_organizations` (`hash_id`, `organization_id`, `organization_role`) VALUES ('a0802476e33c', '9', '1')
REPLACE INTO `bible_fileset_copyright_organizations` (`hash_id`, `organization_id`, `organization_role`) VALUES ('327b3f594143', null, '1')
REPLACE INTO `bible_fileset_copyright_organizations` (`hash_id`, `organization_id`, `organization_role`) VALUES ('a2b5ba48b090', null, '1')
REPLACE INTO `bible_fileset_tags` (`hash_id`, `name`, `description`, `admin_only`, `iso`, `language_id`) VALUES ('a843e96d49d7', 'sku', 'P2ACR/AEM', '0', 'eng', '6414')
REPLACE INTO `bible_fileset_tags` (`hash_id`, `name`, `description`, `admin_only`, `iso`, `language_id`) VALUES ('a843e96d49d7', 'volume', 'AECM Version', '0', 'eng', '6414')
REPLACE INTO `bible_fileset_tags` (`hash_id`, `name`, `description`, `admin_only`, `iso`, `language_id`) VALUES ('a843e96d49d7', 'bitrate', '64kbps', '0', 'eng', '6414')
REPLACE INTO `bible_fileset_tags` (`hash_id`, `name`, `description`, `admin_only`, `iso`, `language_id`) VALUES ('a0802476e33c', 'sku', 'P2ACR/AEM', '0', 'eng', '6414')
REPLACE INTO `bible_fileset_tags` (`hash_id`, `name`, `description`, `admin_only`, `iso`, `language_id`) VALUES ('a0802476e33c', 'volume', 'AECM Version', '0', 'eng', '6414')
REPLACE INTO `bible_fileset_tags` (`hash_id`, `name`, `description`, `admin_only`, `iso`, `language_id`) VALUES ('a0802476e33c', 'bitrate', '64kbps', '0', 'eng', '6414')
REPLACE INTO `bible_fileset_tags` (`hash_id`, `name`, `description`, `admin_only`, `iso`, `language_id`) VALUES ('327b3f594143', 'sku', 'P2ACR/AEM', '0', 'eng', '6414')
REPLACE INTO `bible_fileset_tags` (`hash_id`, `name`, `description`, `admin_only`, `iso`, `language_id`) VALUES ('327b3f594143', 'volume', 'AECM Version', '0', 'eng', '6414')
REPLACE INTO `bible_fileset_tags` (`hash_id`, `name`, `description`, `admin_only`, `iso`, `language_id`) VALUES ('a2b5ba48b090', 'sku', 'P2ACR/AEM', '0', 'eng', '6414')
REPLACE INTO `bible_fileset_tags` (`hash_id`, `name`, `description`, `admin_only`, `iso`, `language_id`) VALUES ('a2b5ba48b090', 'volume', 'AECM Version', '0', 'eng', '6414')
REPLACE INTO `access_group_filesets` (`hash_id`, `access_group_id`) VALUES ('a843e96d49d7', 'DBPText')
REPLACE INTO `access_group_filesets` (`hash_id`, `access_group_id`) VALUES ('a843e96d49d7', 'DBPTextOT')
REPLACE INTO `access_group_filesets` (`hash_id`, `access_group_id`) VALUES ('a843e96d49d7', 'DBPAudio')
REPLACE INTO `access_group_filesets` (`hash_id`, `access_group_id`) VALUES ('a843e96d49d7', 'DBPMobile')
REPLACE INTO `access_group_filesets` (`hash_id`, `access_group_id`) VALUES ('a843e96d49d7', 'DBPWebHub')
REPLACE INTO `access_group_filesets` (`hash_id`, `access_group_id`) VALUES ('a843e96d49d7', 'Download')
REPLACE INTO `access_group_filesets` (`hash_id`, `access_group_id`) VALUES ('a843e96d49d7', 'Streaming')
REPLACE INTO `access_group_filesets` (`hash_id`, `access_group_id`) VALUES ('a843e96d49d7', 'ItunesPodcast')
REPLACE INTO `access_group_filesets` (`hash_id`, `access_group_id`) VALUES ('a843e96d49d7', 'APIDevText')
REPLACE INTO `access_group_filesets` (`hash_id`, `access_group_id`) VALUES ('a843e96d49d7', 'APIDevAudio')
REPLACE INTO `access_group_filesets` (`hash_id`, `access_group_id`) VALUES ('a843e96d49d7', 'MobileText')
REPLACE INTO `access_group_filesets` (`hash_id`, `access_group_id`) VALUES ('a843e96d49d7', 'HubText')
REPLACE INTO `access_group_filesets` (`hash_id`, `access_group_id`) VALUES ('a0802476e33c', 'DBPText')
REPLACE INTO `access_group_filesets` (`hash_id`, `access_group_id`) VALUES ('a0802476e33c', 'DBPTextOT')
REPLACE INTO `access_group_filesets` (`hash_id`, `access_group_id`) VALUES ('a0802476e33c', 'DBPAudio')
REPLACE INTO `access_group_filesets` (`hash_id`, `access_group_id`) VALUES ('a0802476e33c', 'DBPMobile')
REPLACE INTO `access_group_filesets` (`hash_id`, `access_group_id`) VALUES ('a0802476e33c', 'DBPWebHub')
REPLACE INTO `access_group_filesets` (`hash_id`, `access_group_id`) VALUES ('a0802476e33c', 'Download')
REPLACE INTO `access_group_filesets` (`hash_id`, `access_group_id`) VALUES ('a0802476e33c', 'Streaming')
REPLACE INTO `access_group_filesets` (`hash_id`, `access_group_id`) VALUES ('a0802476e33c', 'ItunesPodcast')
REPLACE INTO `access_group_filesets` (`hash_id`, `access_group_id`) VALUES ('a0802476e33c', 'APIDevText')
REPLACE INTO `access_group_filesets` (`hash_id`, `access_group_id`) VALUES ('a0802476e33c', 'APIDevAudio')
REPLACE INTO `access_group_filesets` (`hash_id`, `access_group_id`) VALUES ('a0802476e33c', 'MobileText')
REPLACE INTO `access_group_filesets` (`hash_id`, `access_group_id`) VALUES ('a0802476e33c', 'HubText')
REPLACE INTO `access_group_filesets` (`hash_id`, `access_group_id`) VALUES ('327b3f594143', 'DBPText')
REPLACE INTO `access_group_filesets` (`hash_id`, `access_group_id`) VALUES ('327b3f594143', 'DBPTextOT')
REPLACE INTO `access_group_filesets` (`hash_id`, `access_group_id`) VALUES ('327b3f594143', 'DBPAudio')
REPLACE INTO `access_group_filesets` (`hash_id`, `access_group_id`) VALUES ('327b3f594143', 'DBPMobile')
REPLACE INTO `access_group_filesets` (`hash_id`, `access_group_id`) VALUES ('327b3f594143', 'DBPWebHub')
REPLACE INTO `access_group_filesets` (`hash_id`, `access_group_id`) VALUES ('327b3f594143', 'Download')
REPLACE INTO `access_group_filesets` (`hash_id`, `access_group_id`) VALUES ('327b3f594143', 'Streaming')
REPLACE INTO `access_group_filesets` (`hash_id`, `access_group_id`) VALUES ('327b3f594143', 'ItunesPodcast')
REPLACE INTO `access_group_filesets` (`hash_id`, `access_group_id`) VALUES ('327b3f594143', 'APIDevText')
REPLACE INTO `access_group_filesets` (`hash_id`, `access_group_id`) VALUES ('327b3f594143', 'APIDevAudio')
REPLACE INTO `access_group_filesets` (`hash_id`, `access_group_id`) VALUES ('327b3f594143', 'MobileText')
REPLACE INTO `access_group_filesets` (`hash_id`, `access_group_id`) VALUES ('327b3f594143', 'HubText')
REPLACE INTO `access_group_filesets` (`hash_id`, `access_group_id`) VALUES ('a2b5ba48b090', 'DBPText')
REPLACE INTO `access_group_filesets` (`hash_id`, `access_group_id`) VALUES ('a2b5ba48b090', 'DBPTextOT')
REPLACE INTO `access_group_filesets` (`hash_id`, `access_group_id`) VALUES ('a2b5ba48b090', 'DBPAudio')
REPLACE INTO `access_group_filesets` (`hash_id`, `access_group_id`) VALUES ('a2b5ba48b090', 'DBPMobile')
REPLACE INTO `access_group_filesets` (`hash_id`, `access_group_id`) VALUES ('a2b5ba48b090', 'DBPWebHub')
REPLACE INTO `access_group_filesets` (`hash_id`, `access_group_id`) VALUES ('a2b5ba48b090', 'Download')
REPLACE INTO `access_group_filesets` (`hash_id`, `access_group_id`) VALUES ('a2b5ba48b090', 'Streaming')
REPLACE INTO `access_group_filesets` (`hash_id`, `access_group_id`) VALUES ('a2b5ba48b090', 'ItunesPodcast')
REPLACE INTO `access_group_filesets` (`hash_id`, `access_group_id`) VALUES ('a2b5ba48b090', 'APIDevText')
REPLACE INTO `access_group_filesets` (`hash_id`, `access_group_id`) VALUES ('a2b5ba48b090', 'APIDevAudio')
REPLACE INTO `access_group_filesets` (`hash_id`, `access_group_id`) VALUES ('a2b5ba48b090', 'MobileText')
REPLACE INTO `access_group_filesets` (`hash_id`, `access_group_id`) VALUES ('a2b5ba48b090', 'HubText')
REPLACE INTO `bibles` (`id`, `language_id`, `versification`, `numeral_system_id`, `script`) VALUES ('ACCIBS', 'acr', 'protestant', 'western-arabic', 'Latin')
REPLACE INTO `bible_translations` (`language_id`, `bible_id`, `name`) VALUES ('6414', 'ACCIBS', '1992 Edition')
REPLACE INTO `bible_filesets` (`id`, `set_type_code`, `hash_id`, `asset_id`, `set_size_code`) VALUES ('ACCIBSN1DA', 'audio', 'a62820c05e2d', 'dbp-prod', 'P')
REPLACE INTO `bible_filesets` (`id`, `set_type_code`, `hash_id`, `asset_id`, `set_size_code`) VALUES ('ACCIBSN1ET', 'text_format', '1c2d155c4121', 'dbp-prod', 'P')
REPLACE INTO `bible_fileset_connections` (`hash_id`, `bible_id`) VALUES ('a62820c05e2d', 'ACCIBS')
REPLACE INTO `bible_fileset_connections` (`hash_id`, `bible_id`) VALUES ('1c2d155c4121', 'ACCIBS')
REPLACE INTO `bible_fileset_copyrights` (`hash_id`, `copyright`, `copyright_description`) VALUES ('a62820c05e2d', 'Text: © 1992 Wycliffe Bible Translators, Inc.
Audio: ℗ Producciones Cristianas Viña 1993', 'Text: © 1992 Wycliffe Bible Translators, Inc.
Audio: ℗ Producciones Cristianas Viña 1993')
REPLACE INTO `bible_fileset_copyrights` (`hash_id`, `copyright`, `copyright_description`) VALUES ('1c2d155c4121', '© 1992 Wycliffe Bible Translators, Inc.', '© 1992 Wycliffe Bible Translators, Inc.')
REPLACE INTO `bible_fileset_copyright_organizations` (`hash_id`, `organization_id`, `organization_role`) VALUES ('a62820c05e2d', null, '1')
REPLACE INTO `bible_fileset_copyright_organizations` (`hash_id`, `organization_id`, `organization_role`) VALUES ('1c2d155c4121', null, '1')
REPLACE INTO `bible_fileset_tags` (`hash_id`, `name`, `description`, `admin_only`, `iso`, `language_id`) VALUES ('a62820c05e2d', 'sku', 'N1ACC/IBS', '0', 'eng', '6414')
REPLACE INTO `bible_fileset_tags` (`hash_id`, `name`, `description`, `admin_only`, `iso`, `language_id`) VALUES ('a62820c05e2d', 'volume', '1992 Edition', '0', 'eng', '6414')
REPLACE INTO `bible_fileset_tags` (`hash_id`, `name`, `description`, `admin_only`, `iso`, `language_id`) VALUES ('a62820c05e2d', 'bitrate', '64kbps', '0', 'eng', '6414')
REPLACE INTO `bible_fileset_tags` (`hash_id`, `name`, `description`, `admin_only`, `iso`, `language_id`) VALUES ('1c2d155c4121', 'sku', 'N1ACC/IBS', '0', 'eng', '6414')
REPLACE INTO `bible_fileset_tags` (`hash_id`, `name`, `description`, `admin_only`, `iso`, `language_id`) VALUES ('1c2d155c4121', 'volume', '1992 Edition', '0', 'eng', '6414')
REPLACE INTO `access_group_filesets` (`hash_id`, `access_group_id`) VALUES ('a62820c05e2d', 'DBPText')
REPLACE INTO `access_group_filesets` (`hash_id`, `access_group_id`) VALUES ('a62820c05e2d', 'DBPAudio')
REPLACE INTO `access_group_filesets` (`hash_id`, `access_group_id`) VALUES ('a62820c05e2d', 'DBPMobile')
REPLACE INTO `access_group_filesets` (`hash_id`, `access_group_id`) VALUES ('a62820c05e2d', 'DBPWebHub')
REPLACE INTO `access_group_filesets` (`hash_id`, `access_group_id`) VALUES ('a62820c05e2d', 'Download')
REPLACE INTO `access_group_filesets` (`hash_id`, `access_group_id`) VALUES ('a62820c05e2d', 'Streaming')
REPLACE INTO `access_group_filesets` (`hash_id`, `access_group_id`) VALUES ('a62820c05e2d', 'ItunesPodcast')
REPLACE INTO `access_group_filesets` (`hash_id`, `access_group_id`) VALUES ('a62820c05e2d', 'APIDevText')
REPLACE INTO `access_group_filesets` (`hash_id`, `access_group_id`) VALUES ('a62820c05e2d', 'APIDevAudio')
REPLACE INTO `access_group_filesets` (`hash_id`, `access_group_id`) VALUES ('a62820c05e2d', 'MobileText')
REPLACE INTO `access_group_filesets` (`hash_id`, `access_group_id`) VALUES ('a62820c05e2d', 'HubText')
REPLACE INTO `access_group_filesets` (`hash_id`, `access_group_id`) VALUES ('a62820c05e2d', 'WebHubVideo')
REPLACE INTO `access_group_filesets` (`hash_id`, `access_group_id`) VALUES ('a62820c05e2d', 'APIDevVideo')
REPLACE INTO `access_group_filesets` (`hash_id`, `access_group_id`) VALUES ('1c2d155c4121', 'DBPText')
REPLACE INTO `access_group_filesets` (`hash_id`, `access_group_id`) VALUES ('1c2d155c4121', 'DBPAudio')
REPLACE INTO `access_group_filesets` (`hash_id`, `access_group_id`) VALUES ('1c2d155c4121', 'DBPMobile')
REPLACE INTO `access_group_filesets` (`hash_id`, `access_group_id`) VALUES ('1c2d155c4121', 'DBPWebHub')
REPLACE INTO `access_group_filesets` (`hash_id`, `access_group_id`) VALUES ('1c2d155c4121', 'Download')
REPLACE INTO `access_group_filesets` (`hash_id`, `access_group_id`) VALUES ('1c2d155c4121', 'Streaming')
REPLACE INTO `access_group_filesets` (`hash_id`, `access_group_id`) VALUES ('1c2d155c4121', 'ItunesPodcast')
REPLACE INTO `access_group_filesets` (`hash_id`, `access_group_id`) VALUES ('1c2d155c4121', 'APIDevText')
REPLACE INTO `access_group_filesets` (`hash_id`, `access_group_id`) VALUES ('1c2d155c4121', 'APIDevAudio')
REPLACE INTO `access_group_filesets` (`hash_id`, `access_group_id`) VALUES ('1c2d155c4121', 'MobileText')
REPLACE INTO `access_group_filesets` (`hash_id`, `access_group_id`) VALUES ('1c2d155c4121', 'HubText')
REPLACE INTO `access_group_filesets` (`hash_id`, `access_group_id`) VALUES ('1c2d155c4121', 'WebHubVideo')
REPLACE INTO `access_group_filesets` (`hash_id`, `access_group_id`) VALUES ('1c2d155c4121', 'APIDevVideo')
REPLACE INTO `bibles` (`id`, `language_id`, `versification`, `numeral_system_id`, `script`) VALUES (null, 'acr', 'protestant', 'western-arabic', null)
REPLACE INTO `bible_translations` (`language_id`, `bible_id`, `name`) VALUES ('6414', null, '2009 Edition')
