REPLACE INTO `bibles` (`id`, `language_id`, `versification`, `numeral_system_id`, `script`) VALUES ('N/A', 'knw', 'protestant', 'western-arabic', null)
REPLACE INTO `bibles` (`id`, `language_id`, `versification`, `numeral_system_id`, `script`) VALUES ('KUDBTA', 'kud', 'protestant', 'western-arabic', 'Latin')
REPLACE INTO `bible_filesets` (`id`, `set_type_code`, `hash_id`, `asset_id`, `set_size_code`) VALUES ('KUDBTAN2ET', 'text_format', '504a34c0e212', 'dbp-prod', 'P')
REPLACE INTO `bible_fileset_connections` (`hash_id`, `bible_id`) VALUES ('504a34c0e212', 'KUDBTA')
REPLACE INTO `bible_fileset_copyrights` (`hash_id`, `copyright`, `copyright_description`) VALUES ('504a34c0e212', '© 2014, Wycliffe Bible Translators, Inc. All rights reserved.', '© 2014, Wycliffe Bible Translators, Inc. All rights reserved.')
REPLACE INTO `bible_fileset_copyright_organizations` (`hash_id`, `organization_id`, `organization_role`) VALUES ('504a34c0e212', null, '1')
REPLACE INTO `bible_fileset_tags` (`hash_id`, `name`, `description`, `admin_only`, `iso`, `language_id`) VALUES ('504a34c0e212', 'sku', 'N2KUD/BTA', '0', 'eng', '6414')
REPLACE INTO `bible_fileset_tags` (`hash_id`, `name`, `description`, `admin_only`, `iso`, `language_id`) VALUES ('504a34c0e212', 'volume', '2008 Edition', '0', 'eng', '6414')
REPLACE INTO `access_group_filesets` (`hash_id`, `access_group_id`) VALUES ('504a34c0e212', 'DBPText')
REPLACE INTO `access_group_filesets` (`hash_id`, `access_group_id`) VALUES ('504a34c0e212', 'DBPAudio')
REPLACE INTO `access_group_filesets` (`hash_id`, `access_group_id`) VALUES ('504a34c0e212', 'DBPMobile')
REPLACE INTO `access_group_filesets` (`hash_id`, `access_group_id`) VALUES ('504a34c0e212', 'DBPWebHub')
REPLACE INTO `access_group_filesets` (`hash_id`, `access_group_id`) VALUES ('504a34c0e212', 'Download')
REPLACE INTO `access_group_filesets` (`hash_id`, `access_group_id`) VALUES ('504a34c0e212', 'Streaming')
REPLACE INTO `access_group_filesets` (`hash_id`, `access_group_id`) VALUES ('504a34c0e212', 'ItunesPodcast')
REPLACE INTO `access_group_filesets` (`hash_id`, `access_group_id`) VALUES ('504a34c0e212', 'APIDevText')
REPLACE INTO `access_group_filesets` (`hash_id`, `access_group_id`) VALUES ('504a34c0e212', 'APIDevAudio')
REPLACE INTO `access_group_filesets` (`hash_id`, `access_group_id`) VALUES ('504a34c0e212', 'MobileText')
REPLACE INTO `access_group_filesets` (`hash_id`, `access_group_id`) VALUES ('504a34c0e212', 'HubText')
REPLACE INTO `bibles` (`id`, `language_id`, `versification`, `numeral_system_id`, `script`) VALUES ('AIWDPI', 'aiw', 'protestant', 'western-arabic', null)
REPLACE INTO `bible_filesets` (`id`, `set_type_code`, `hash_id`, `asset_id`, `set_size_code`) VALUES ('AIWDPIN1DA', 'audio', 'b25e19147e5d', 'dbp-prod', 'P')
REPLACE INTO `bible_filesets` (`id`, `set_type_code`, `hash_id`, `asset_id`, `set_size_code`) VALUES ('AIWDPIC1DA', 'audio', '76f7ebb80d24', 'dbp-prod', 'P')
REPLACE INTO `bible_fileset_connections` (`hash_id`, `bible_id`) VALUES ('b25e19147e5d', 'AIWDPI')
REPLACE INTO `bible_fileset_connections` (`hash_id`, `bible_id`) VALUES ('76f7ebb80d24', 'AIWDPI')
REPLACE INTO `bible_fileset_copyrights` (`hash_id`, `copyright`, `copyright_description`) VALUES ('b25e19147e5d', 'Text: © The Word for the World, 2015
Audio: ℗ Davar Partners International, 2016', 'Text: © The Word for the World, 2015
Audio: ℗ Davar Partners International, 2016')
REPLACE INTO `bible_fileset_copyrights` (`hash_id`, `copyright`, `copyright_description`) VALUES ('76f7ebb80d24', 'Text: © The Word for the World, 2015
Audio: ℗ Davar Partners International, 2016', 'Text: © The Word for the World, 2015
Audio: ℗ Davar Partners International, 2016')
REPLACE INTO `bible_fileset_copyright_organizations` (`hash_id`, `organization_id`, `organization_role`) VALUES ('b25e19147e5d', null, '1')
REPLACE INTO `bible_fileset_copyright_organizations` (`hash_id`, `organization_id`, `organization_role`) VALUES ('76f7ebb80d24', null, '1')
REPLACE INTO `bible_fileset_tags` (`hash_id`, `name`, `description`, `admin_only`, `iso`, `language_id`) VALUES ('b25e19147e5d', 'sku', 'N1AIW/DPI', '0', 'eng', '6414')
REPLACE INTO `bible_fileset_tags` (`hash_id`, `name`, `description`, `admin_only`, `iso`, `language_id`) VALUES ('b25e19147e5d', 'volume', '2015 Edition', '0', 'eng', '6414')
REPLACE INTO `bible_fileset_tags` (`hash_id`, `name`, `description`, `admin_only`, `iso`, `language_id`) VALUES ('b25e19147e5d', 'bitrate', '64kbps', '0', 'eng', '6414')
REPLACE INTO `bible_fileset_tags` (`hash_id`, `name`, `description`, `admin_only`, `iso`, `language_id`) VALUES ('76f7ebb80d24', 'sku', 'N1AIW/DPI', '0', 'eng', '6414')
REPLACE INTO `bible_fileset_tags` (`hash_id`, `name`, `description`, `admin_only`, `iso`, `language_id`) VALUES ('76f7ebb80d24', 'volume', '2015 Edition', '0', 'eng', '6414')
REPLACE INTO `bible_fileset_tags` (`hash_id`, `name`, `description`, `admin_only`, `iso`, `language_id`) VALUES ('76f7ebb80d24', 'bitrate', '64kbps', '0', 'eng', '6414')
REPLACE INTO `access_group_filesets` (`hash_id`, `access_group_id`) VALUES ('b25e19147e5d', 'DBPText')
REPLACE INTO `access_group_filesets` (`hash_id`, `access_group_id`) VALUES ('b25e19147e5d', 'DBPTextOT')
REPLACE INTO `access_group_filesets` (`hash_id`, `access_group_id`) VALUES ('b25e19147e5d', 'DBPAudio')
REPLACE INTO `access_group_filesets` (`hash_id`, `access_group_id`) VALUES ('b25e19147e5d', 'DBPMobile')
REPLACE INTO `access_group_filesets` (`hash_id`, `access_group_id`) VALUES ('b25e19147e5d', 'DBPWebHub')
REPLACE INTO `access_group_filesets` (`hash_id`, `access_group_id`) VALUES ('b25e19147e5d', 'Streaming')
REPLACE INTO `access_group_filesets` (`hash_id`, `access_group_id`) VALUES ('b25e19147e5d', 'ItunesPodcast')
REPLACE INTO `access_group_filesets` (`hash_id`, `access_group_id`) VALUES ('b25e19147e5d', 'APIDevText')
REPLACE INTO `access_group_filesets` (`hash_id`, `access_group_id`) VALUES ('b25e19147e5d', 'MobileText')
REPLACE INTO `access_group_filesets` (`hash_id`, `access_group_id`) VALUES ('b25e19147e5d', 'HubText')
REPLACE INTO `access_group_filesets` (`hash_id`, `access_group_id`) VALUES ('b25e19147e5d', 'WebHubVideo')
REPLACE INTO `access_group_filesets` (`hash_id`, `access_group_id`) VALUES ('b25e19147e5d', 'APIDevVideo')
REPLACE INTO `access_group_filesets` (`hash_id`, `access_group_id`) VALUES ('76f7ebb80d24', 'DBPText')
REPLACE INTO `access_group_filesets` (`hash_id`, `access_group_id`) VALUES ('76f7ebb80d24', 'DBPTextOT')
REPLACE INTO `access_group_filesets` (`hash_id`, `access_group_id`) VALUES ('76f7ebb80d24', 'DBPAudio')
REPLACE INTO `access_group_filesets` (`hash_id`, `access_group_id`) VALUES ('76f7ebb80d24', 'DBPMobile')
REPLACE INTO `access_group_filesets` (`hash_id`, `access_group_id`) VALUES ('76f7ebb80d24', 'DBPWebHub')
REPLACE INTO `access_group_filesets` (`hash_id`, `access_group_id`) VALUES ('76f7ebb80d24', 'Streaming')
REPLACE INTO `access_group_filesets` (`hash_id`, `access_group_id`) VALUES ('76f7ebb80d24', 'ItunesPodcast')
REPLACE INTO `access_group_filesets` (`hash_id`, `access_group_id`) VALUES ('76f7ebb80d24', 'APIDevText')
REPLACE INTO `access_group_filesets` (`hash_id`, `access_group_id`) VALUES ('76f7ebb80d24', 'MobileText')
REPLACE INTO `access_group_filesets` (`hash_id`, `access_group_id`) VALUES ('76f7ebb80d24', 'HubText')
REPLACE INTO `access_group_filesets` (`hash_id`, `access_group_id`) VALUES ('76f7ebb80d24', 'WebHubVideo')
REPLACE INTO `access_group_filesets` (`hash_id`, `access_group_id`) VALUES ('76f7ebb80d24', 'APIDevVideo')
REPLACE INTO `bibles` (`id`, `language_id`, `versification`, `numeral_system_id`, `script`) VALUES ('AIWDPI', 'aiw', 'protestant', 'western-arabic', null)
REPLACE INTO `bible_filesets` (`id`, `set_type_code`, `hash_id`, `asset_id`, `set_size_code`) VALUES ('AIWDPIO1DA', 'audio', '850b0d1ce298', 'dbp-prod', 'P')
REPLACE INTO `bible_fileset_connections` (`hash_id`, `bible_id`) VALUES ('850b0d1ce298', 'AIWDPI')
REPLACE INTO `bible_fileset_copyrights` (`hash_id`, `copyright`, `copyright_description`) VALUES ('850b0d1ce298', 'Text: © The Word for the World, 2015
Audio: ℗ Davar Partners International, 2016', 'Text: © The Word for the World, 2015
Audio: ℗ Davar Partners International, 2016')
REPLACE INTO `bible_fileset_copyright_organizations` (`hash_id`, `organization_id`, `organization_role`) VALUES ('850b0d1ce298', null, '1')
REPLACE INTO `bible_fileset_tags` (`hash_id`, `name`, `description`, `admin_only`, `iso`, `language_id`) VALUES ('850b0d1ce298', 'sku', 'O1AIW/DPI', '0', 'eng', '6414')
REPLACE INTO `bible_fileset_tags` (`hash_id`, `name`, `description`, `admin_only`, `iso`, `language_id`) VALUES ('850b0d1ce298', 'volume', '2015 Edition', '0', 'eng', '6414')
REPLACE INTO `bible_fileset_tags` (`hash_id`, `name`, `description`, `admin_only`, `iso`, `language_id`) VALUES ('850b0d1ce298', 'bitrate', '64kbps', '0', 'eng', '6414')
REPLACE INTO `access_group_filesets` (`hash_id`, `access_group_id`) VALUES ('850b0d1ce298', 'DBPText')
REPLACE INTO `access_group_filesets` (`hash_id`, `access_group_id`) VALUES ('850b0d1ce298', 'DBPTextOT')
REPLACE INTO `access_group_filesets` (`hash_id`, `access_group_id`) VALUES ('850b0d1ce298', 'DBPAudio')
REPLACE INTO `access_group_filesets` (`hash_id`, `access_group_id`) VALUES ('850b0d1ce298', 'DBPMobile')
REPLACE INTO `access_group_filesets` (`hash_id`, `access_group_id`) VALUES ('850b0d1ce298', 'DBPWebHub')
REPLACE INTO `access_group_filesets` (`hash_id`, `access_group_id`) VALUES ('850b0d1ce298', 'Streaming')
REPLACE INTO `access_group_filesets` (`hash_id`, `access_group_id`) VALUES ('850b0d1ce298', 'ItunesPodcast')
REPLACE INTO `access_group_filesets` (`hash_id`, `access_group_id`) VALUES ('850b0d1ce298', 'APIDevText')
REPLACE INTO `access_group_filesets` (`hash_id`, `access_group_id`) VALUES ('850b0d1ce298', 'MobileText')
REPLACE INTO `access_group_filesets` (`hash_id`, `access_group_id`) VALUES ('850b0d1ce298', 'HubText')
REPLACE INTO `bibles` (`id`, `language_id`, `versification`, `numeral_system_id`, `script`) VALUES (null, 'BCN', 'protestant', 'western-arabic', null)
REPLACE INTO `bibles` (`id`, `language_id`, `versification`, `numeral_system_id`, `script`) VALUES ('AAUWBT', 'aau', 'protestant', 'western-arabic', 'Latin (PNG)')
REPLACE INTO `bible_filesets` (`id`, `set_type_code`, `hash_id`, `asset_id`, `set_size_code`) VALUES ('AAUWBTN2ET', 'text_format', 'f9181b04cb36', 'dbp-prod', 'P')
REPLACE INTO `bible_fileset_connections` (`hash_id`, `bible_id`) VALUES ('f9181b04cb36', 'AAUWBT')
REPLACE INTO `bible_fileset_copyrights` (`hash_id`, `copyright`, `copyright_description`) VALUES ('f9181b04cb36', '© 2006 Wycliffe Bible Translators, Inc.', '© 2006 Wycliffe Bible Translators, Inc.')
REPLACE INTO `bible_fileset_copyright_organizations` (`hash_id`, `organization_id`, `organization_role`) VALUES ('f9181b04cb36', null, '1')
REPLACE INTO `bible_fileset_tags` (`hash_id`, `name`, `description`, `admin_only`, `iso`, `language_id`) VALUES ('f9181b04cb36', 'sku', 'N2AAU/WBT', '0', 'eng', '6414')
REPLACE INTO `bible_fileset_tags` (`hash_id`, `name`, `description`, `admin_only`, `iso`, `language_id`) VALUES ('f9181b04cb36', 'volume', '2006 Edition', '0', 'eng', '6414')
REPLACE INTO `access_group_filesets` (`hash_id`, `access_group_id`) VALUES ('f9181b04cb36', 'DBPText')
REPLACE INTO `access_group_filesets` (`hash_id`, `access_group_id`) VALUES ('f9181b04cb36', 'DBPAudio')
REPLACE INTO `access_group_filesets` (`hash_id`, `access_group_id`) VALUES ('f9181b04cb36', 'DBPMobile')
REPLACE INTO `access_group_filesets` (`hash_id`, `access_group_id`) VALUES ('f9181b04cb36', 'DBPWebHub')
REPLACE INTO `access_group_filesets` (`hash_id`, `access_group_id`) VALUES ('f9181b04cb36', 'Download')
REPLACE INTO `access_group_filesets` (`hash_id`, `access_group_id`) VALUES ('f9181b04cb36', 'Streaming')
REPLACE INTO `access_group_filesets` (`hash_id`, `access_group_id`) VALUES ('f9181b04cb36', 'ItunesPodcast')
REPLACE INTO `access_group_filesets` (`hash_id`, `access_group_id`) VALUES ('f9181b04cb36', 'APIDevText')
REPLACE INTO `access_group_filesets` (`hash_id`, `access_group_id`) VALUES ('f9181b04cb36', 'APIDevAudio')
REPLACE INTO `access_group_filesets` (`hash_id`, `access_group_id`) VALUES ('f9181b04cb36', 'MobileText')
REPLACE INTO `access_group_filesets` (`hash_id`, `access_group_id`) VALUES ('f9181b04cb36', 'HubText')
REPLACE INTO `bibles` (`id`, `language_id`, `versification`, `numeral_system_id`, `script`) VALUES ('N/A', 'abq', 'protestant', 'western-arabic', null)
REPLACE INTO `bibles` (`id`, `language_id`, `versification`, `numeral_system_id`, `script`) VALUES ('ABIWBT', 'abi', 'protestant', 'western-arabic', 'Latin (African)')
REPLACE INTO `bible_filesets` (`id`, `set_type_code`, `hash_id`, `asset_id`, `set_size_code`) VALUES ('ABIWBTN2DA', 'audio_drama', '1e7a586aa6ed', 'dbp-prod', 'P')
REPLACE INTO `bible_filesets` (`id`, `set_type_code`, `hash_id`, `asset_id`, `set_size_code`) VALUES ('ABIWBTN1DA', 'audio', '6082303900ba', 'dbp-prod', 'P')
REPLACE INTO `bible_filesets` (`id`, `set_type_code`, `hash_id`, `asset_id`, `set_size_code`) VALUES ('ABIWBTN2ET', 'text_format', '7802524246cd', 'dbp-prod', 'P')
REPLACE INTO `bible_filesets` (`id`, `set_type_code`, `hash_id`, `asset_id`, `set_size_code`) VALUES ('ABIWBTN1ET', 'text_format', '91a1f8e9fec9', 'dbp-prod', 'P')
REPLACE INTO `bible_filesets` (`id`, `set_type_code`, `hash_id`, `asset_id`, `set_size_code`) VALUES ('ABIWBTP2DV', 'text_format', '5a8a5897b76e', 'dbp-prod', 'P')
REPLACE INTO `bible_fileset_connections` (`hash_id`, `bible_id`) VALUES ('1e7a586aa6ed', 'ABIWBT')
REPLACE INTO `bible_fileset_connections` (`hash_id`, `bible_id`) VALUES ('6082303900ba', 'ABIWBT')
REPLACE INTO `bible_fileset_connections` (`hash_id`, `bible_id`) VALUES ('7802524246cd', 'ABIWBT')
REPLACE INTO `bible_fileset_connections` (`hash_id`, `bible_id`) VALUES ('91a1f8e9fec9', 'ABIWBT')
REPLACE INTO `bible_fileset_connections` (`hash_id`, `bible_id`) VALUES ('5a8a5897b76e', 'ABIWBT')
REPLACE INTO `bible_fileset_copyrights` (`hash_id`, `copyright`, `copyright_description`) VALUES ('1e7a586aa6ed', 'Text: © 2001 Wycliffe Bible Translators, Inc.
Audio: ℗ 2018 Hosanna', 'Text: © 2001 Wycliffe Bible Translators, Inc.
Audio: ℗ 2018 Hosanna')
REPLACE INTO `bible_fileset_copyrights` (`hash_id`, `copyright`, `copyright_description`) VALUES ('6082303900ba', 'Text: © 2001 Wycliffe Bible Translators, Inc.
Audio: ℗ 2018 Hosanna', 'Text: © 2001 Wycliffe Bible Translators, Inc.
Audio: ℗ 2018 Hosanna')
REPLACE INTO `bible_fileset_copyrights` (`hash_id`, `copyright`, `copyright_description`) VALUES ('7802524246cd', '© 2001 Wycliffe Bible Translators, Inc.', '© 2001 Wycliffe Bible Translators, Inc.')
REPLACE INTO `bible_fileset_copyrights` (`hash_id`, `copyright`, `copyright_description`) VALUES ('91a1f8e9fec9', '© 2001 Wycliffe Bible Translators, Inc.', '© 2001 Wycliffe Bible Translators, Inc.')
REPLACE INTO `bible_fileset_copyrights` (`hash_id`, `copyright`, `copyright_description`) VALUES ('5a8a5897b76e', '© 2001 Wycliffe Bible Translators, Inc.', '© 2001 Wycliffe Bible Translators, Inc.')
REPLACE INTO `bible_fileset_copyright_organizations` (`hash_id`, `organization_id`, `organization_role`) VALUES ('1e7a586aa6ed', '9', '1')
REPLACE INTO `bible_fileset_copyright_organizations` (`hash_id`, `organization_id`, `organization_role`) VALUES ('6082303900ba', '9', '1')
REPLACE INTO `bible_fileset_copyright_organizations` (`hash_id`, `organization_id`, `organization_role`) VALUES ('7802524246cd', null, '1')
REPLACE INTO `bible_fileset_copyright_organizations` (`hash_id`, `organization_id`, `organization_role`) VALUES ('91a1f8e9fec9', null, '1')
REPLACE INTO `bible_fileset_copyright_organizations` (`hash_id`, `organization_id`, `organization_role`) VALUES ('5a8a5897b76e', null, '1')
REPLACE INTO `bible_fileset_tags` (`hash_id`, `name`, `description`, `admin_only`, `iso`, `language_id`) VALUES ('1e7a586aa6ed', 'sku', 'N2ABI/WBT', '0', 'eng', '6414')
REPLACE INTO `bible_fileset_tags` (`hash_id`, `name`, `description`, `admin_only`, `iso`, `language_id`) VALUES ('1e7a586aa6ed', 'volume', '2001 Edition', '0', 'eng', '6414')
REPLACE INTO `bible_fileset_tags` (`hash_id`, `name`, `description`, `admin_only`, `iso`, `language_id`) VALUES ('1e7a586aa6ed', 'bitrate', '64kbps', '0', 'eng', '6414')
REPLACE INTO `bible_fileset_tags` (`hash_id`, `name`, `description`, `admin_only`, `iso`, `language_id`) VALUES ('6082303900ba', 'sku', 'N2ABI/WBT', '0', 'eng', '6414')
REPLACE INTO `bible_fileset_tags` (`hash_id`, `name`, `description`, `admin_only`, `iso`, `language_id`) VALUES ('6082303900ba', 'volume', '2001 Edition', '0', 'eng', '6414')
REPLACE INTO `bible_fileset_tags` (`hash_id`, `name`, `description`, `admin_only`, `iso`, `language_id`) VALUES ('6082303900ba', 'bitrate', '64kbps', '0', 'eng', '6414')
REPLACE INTO `bible_fileset_tags` (`hash_id`, `name`, `description`, `admin_only`, `iso`, `language_id`) VALUES ('7802524246cd', 'sku', 'N2ABI/WBT', '0', 'eng', '6414')
REPLACE INTO `bible_fileset_tags` (`hash_id`, `name`, `description`, `admin_only`, `iso`, `language_id`) VALUES ('7802524246cd', 'volume', '2001 Edition', '0', 'eng', '6414')
REPLACE INTO `bible_fileset_tags` (`hash_id`, `name`, `description`, `admin_only`, `iso`, `language_id`) VALUES ('91a1f8e9fec9', 'sku', 'N2ABI/WBT', '0', 'eng', '6414')
REPLACE INTO `bible_fileset_tags` (`hash_id`, `name`, `description`, `admin_only`, `iso`, `language_id`) VALUES ('91a1f8e9fec9', 'volume', '2001 Edition', '0', 'eng', '6414')
REPLACE INTO `bible_fileset_tags` (`hash_id`, `name`, `description`, `admin_only`, `iso`, `language_id`) VALUES ('5a8a5897b76e', 'sku', 'N2ABI/WBT', '0', 'eng', '6414')
REPLACE INTO `bible_fileset_tags` (`hash_id`, `name`, `description`, `admin_only`, `iso`, `language_id`) VALUES ('5a8a5897b76e', 'volume', '2001 Edition', '0', 'eng', '6414')
REPLACE INTO `access_group_filesets` (`hash_id`, `access_group_id`) VALUES ('1e7a586aa6ed', 'DBPText')
REPLACE INTO `access_group_filesets` (`hash_id`, `access_group_id`) VALUES ('1e7a586aa6ed', 'DBPAudio')
REPLACE INTO `access_group_filesets` (`hash_id`, `access_group_id`) VALUES ('1e7a586aa6ed', 'DBPMobile')
REPLACE INTO `access_group_filesets` (`hash_id`, `access_group_id`) VALUES ('1e7a586aa6ed', 'DBPWebHub')
REPLACE INTO `access_group_filesets` (`hash_id`, `access_group_id`) VALUES ('1e7a586aa6ed', 'Download')
REPLACE INTO `access_group_filesets` (`hash_id`, `access_group_id`) VALUES ('1e7a586aa6ed', 'Streaming')
REPLACE INTO `access_group_filesets` (`hash_id`, `access_group_id`) VALUES ('1e7a586aa6ed', 'ItunesPodcast')
REPLACE INTO `access_group_filesets` (`hash_id`, `access_group_id`) VALUES ('1e7a586aa6ed', 'APIDevText')
REPLACE INTO `access_group_filesets` (`hash_id`, `access_group_id`) VALUES ('1e7a586aa6ed', 'APIDevAudio')
REPLACE INTO `access_group_filesets` (`hash_id`, `access_group_id`) VALUES ('1e7a586aa6ed', 'MobileText')
REPLACE INTO `access_group_filesets` (`hash_id`, `access_group_id`) VALUES ('1e7a586aa6ed', 'HubText')
REPLACE INTO `access_group_filesets` (`hash_id`, `access_group_id`) VALUES ('1e7a586aa6ed', 'WebHubVideo')
REPLACE INTO `access_group_filesets` (`hash_id`, `access_group_id`) VALUES ('1e7a586aa6ed', 'APIDevVideo')
REPLACE INTO `access_group_filesets` (`hash_id`, `access_group_id`) VALUES ('6082303900ba', 'DBPText')
REPLACE INTO `access_group_filesets` (`hash_id`, `access_group_id`) VALUES ('6082303900ba', 'DBPAudio')
REPLACE INTO `access_group_filesets` (`hash_id`, `access_group_id`) VALUES ('6082303900ba', 'DBPMobile')
REPLACE INTO `access_group_filesets` (`hash_id`, `access_group_id`) VALUES ('6082303900ba', 'DBPWebHub')
REPLACE INTO `access_group_filesets` (`hash_id`, `access_group_id`) VALUES ('6082303900ba', 'Download')
REPLACE INTO `access_group_filesets` (`hash_id`, `access_group_id`) VALUES ('6082303900ba', 'Streaming')
REPLACE INTO `access_group_filesets` (`hash_id`, `access_group_id`) VALUES ('6082303900ba', 'ItunesPodcast')
REPLACE INTO `access_group_filesets` (`hash_id`, `access_group_id`) VALUES ('6082303900ba', 'APIDevText')
REPLACE INTO `access_group_filesets` (`hash_id`, `access_group_id`) VALUES ('6082303900ba', 'APIDevAudio')
REPLACE INTO `access_group_filesets` (`hash_id`, `access_group_id`) VALUES ('6082303900ba', 'MobileText')
REPLACE INTO `access_group_filesets` (`hash_id`, `access_group_id`) VALUES ('6082303900ba', 'HubText')
REPLACE INTO `access_group_filesets` (`hash_id`, `access_group_id`) VALUES ('6082303900ba', 'WebHubVideo')
REPLACE INTO `access_group_filesets` (`hash_id`, `access_group_id`) VALUES ('6082303900ba', 'APIDevVideo')
REPLACE INTO `access_group_filesets` (`hash_id`, `access_group_id`) VALUES ('7802524246cd', 'DBPText')
REPLACE INTO `access_group_filesets` (`hash_id`, `access_group_id`) VALUES ('7802524246cd', 'DBPAudio')
REPLACE INTO `access_group_filesets` (`hash_id`, `access_group_id`) VALUES ('7802524246cd', 'DBPMobile')
REPLACE INTO `access_group_filesets` (`hash_id`, `access_group_id`) VALUES ('7802524246cd', 'DBPWebHub')
REPLACE INTO `access_group_filesets` (`hash_id`, `access_group_id`) VALUES ('7802524246cd', 'Download')
REPLACE INTO `access_group_filesets` (`hash_id`, `access_group_id`) VALUES ('7802524246cd', 'Streaming')
REPLACE INTO `access_group_filesets` (`hash_id`, `access_group_id`) VALUES ('7802524246cd', 'ItunesPodcast')
REPLACE INTO `access_group_filesets` (`hash_id`, `access_group_id`) VALUES ('7802524246cd', 'APIDevText')
REPLACE INTO `access_group_filesets` (`hash_id`, `access_group_id`) VALUES ('7802524246cd', 'APIDevAudio')
REPLACE INTO `access_group_filesets` (`hash_id`, `access_group_id`) VALUES ('7802524246cd', 'MobileText')
REPLACE INTO `access_group_filesets` (`hash_id`, `access_group_id`) VALUES ('7802524246cd', 'HubText')
REPLACE INTO `access_group_filesets` (`hash_id`, `access_group_id`) VALUES ('7802524246cd', 'WebHubVideo')
REPLACE INTO `access_group_filesets` (`hash_id`, `access_group_id`) VALUES ('7802524246cd', 'APIDevVideo')
REPLACE INTO `access_group_filesets` (`hash_id`, `access_group_id`) VALUES ('91a1f8e9fec9', 'DBPText')
REPLACE INTO `access_group_filesets` (`hash_id`, `access_group_id`) VALUES ('91a1f8e9fec9', 'DBPAudio')
REPLACE INTO `access_group_filesets` (`hash_id`, `access_group_id`) VALUES ('91a1f8e9fec9', 'DBPMobile')
REPLACE INTO `access_group_filesets` (`hash_id`, `access_group_id`) VALUES ('91a1f8e9fec9', 'DBPWebHub')
REPLACE INTO `access_group_filesets` (`hash_id`, `access_group_id`) VALUES ('91a1f8e9fec9', 'Download')
REPLACE INTO `access_group_filesets` (`hash_id`, `access_group_id`) VALUES ('91a1f8e9fec9', 'Streaming')
REPLACE INTO `access_group_filesets` (`hash_id`, `access_group_id`) VALUES ('91a1f8e9fec9', 'ItunesPodcast')
REPLACE INTO `access_group_filesets` (`hash_id`, `access_group_id`) VALUES ('91a1f8e9fec9', 'APIDevText')
REPLACE INTO `access_group_filesets` (`hash_id`, `access_group_id`) VALUES ('91a1f8e9fec9', 'APIDevAudio')
REPLACE INTO `access_group_filesets` (`hash_id`, `access_group_id`) VALUES ('91a1f8e9fec9', 'MobileText')
REPLACE INTO `access_group_filesets` (`hash_id`, `access_group_id`) VALUES ('91a1f8e9fec9', 'HubText')
REPLACE INTO `access_group_filesets` (`hash_id`, `access_group_id`) VALUES ('91a1f8e9fec9', 'WebHubVideo')
REPLACE INTO `access_group_filesets` (`hash_id`, `access_group_id`) VALUES ('91a1f8e9fec9', 'APIDevVideo')
REPLACE INTO `access_group_filesets` (`hash_id`, `access_group_id`) VALUES ('5a8a5897b76e', 'DBPText')
REPLACE INTO `access_group_filesets` (`hash_id`, `access_group_id`) VALUES ('5a8a5897b76e', 'DBPAudio')
REPLACE INTO `access_group_filesets` (`hash_id`, `access_group_id`) VALUES ('5a8a5897b76e', 'DBPMobile')
REPLACE INTO `access_group_filesets` (`hash_id`, `access_group_id`) VALUES ('5a8a5897b76e', 'DBPWebHub')
REPLACE INTO `access_group_filesets` (`hash_id`, `access_group_id`) VALUES ('5a8a5897b76e', 'Download')
REPLACE INTO `access_group_filesets` (`hash_id`, `access_group_id`) VALUES ('5a8a5897b76e', 'Streaming')
REPLACE INTO `access_group_filesets` (`hash_id`, `access_group_id`) VALUES ('5a8a5897b76e', 'ItunesPodcast')
REPLACE INTO `access_group_filesets` (`hash_id`, `access_group_id`) VALUES ('5a8a5897b76e', 'APIDevText')
REPLACE INTO `access_group_filesets` (`hash_id`, `access_group_id`) VALUES ('5a8a5897b76e', 'APIDevAudio')
REPLACE INTO `access_group_filesets` (`hash_id`, `access_group_id`) VALUES ('5a8a5897b76e', 'MobileText')
REPLACE INTO `access_group_filesets` (`hash_id`, `access_group_id`) VALUES ('5a8a5897b76e', 'HubText')
REPLACE INTO `access_group_filesets` (`hash_id`, `access_group_id`) VALUES ('5a8a5897b76e', 'WebHubVideo')
REPLACE INTO `access_group_filesets` (`hash_id`, `access_group_id`) VALUES ('5a8a5897b76e', 'APIDevVideo')
REPLACE INTO `bibles` (`id`, `language_id`, `versification`, `numeral_system_id`, `script`) VALUES ('#N/A', 'abk', 'protestant', 'western-arabic', null)
REPLACE INTO `bibles` (`id`, `language_id`, `versification`, `numeral_system_id`, `script`) VALUES ('KGRLAI', 'kgr', 'protestant', 'western-arabic', 'Latin')
REPLACE INTO `bible_filesets` (`id`, `set_type_code`, `hash_id`, `asset_id`, `set_size_code`) VALUES ('KGRLAIN2ET', 'text_format', '4dcb06d424df', 'dbp-prod', 'P')
REPLACE INTO `bible_fileset_connections` (`hash_id`, `bible_id`) VALUES ('4dcb06d424df', 'KGRLAI')
REPLACE INTO `bible_fileset_copyrights` (`hash_id`, `copyright`, `copyright_description`) VALUES ('4dcb06d424df', '© 2004 LAI', '© 2004 LAI')
REPLACE INTO `bible_fileset_copyright_organizations` (`hash_id`, `organization_id`, `organization_role`) VALUES ('4dcb06d424df', null, '1')
REPLACE INTO `bible_fileset_tags` (`hash_id`, `name`, `description`, `admin_only`, `iso`, `language_id`) VALUES ('4dcb06d424df', 'sku', 'N2KGR/LAI', '0', 'eng', '6414')
REPLACE INTO `bible_fileset_tags` (`hash_id`, `name`, `description`, `admin_only`, `iso`, `language_id`) VALUES ('4dcb06d424df', 'volume', '2004 Edition', '0', 'eng', '6414')
REPLACE INTO `access_group_filesets` (`hash_id`, `access_group_id`) VALUES ('4dcb06d424df', 'DBPText')
REPLACE INTO `access_group_filesets` (`hash_id`, `access_group_id`) VALUES ('4dcb06d424df', 'DBPAudio')
REPLACE INTO `access_group_filesets` (`hash_id`, `access_group_id`) VALUES ('4dcb06d424df', 'DBPMobile')
REPLACE INTO `access_group_filesets` (`hash_id`, `access_group_id`) VALUES ('4dcb06d424df', 'DBPWebHub')
REPLACE INTO `access_group_filesets` (`hash_id`, `access_group_id`) VALUES ('4dcb06d424df', 'Download')
REPLACE INTO `access_group_filesets` (`hash_id`, `access_group_id`) VALUES ('4dcb06d424df', 'Streaming')
REPLACE INTO `access_group_filesets` (`hash_id`, `access_group_id`) VALUES ('4dcb06d424df', 'ItunesPodcast')
REPLACE INTO `access_group_filesets` (`hash_id`, `access_group_id`) VALUES ('4dcb06d424df', 'APIDevText')
REPLACE INTO `access_group_filesets` (`hash_id`, `access_group_id`) VALUES ('4dcb06d424df', 'APIDevAudio')
REPLACE INTO `access_group_filesets` (`hash_id`, `access_group_id`) VALUES ('4dcb06d424df', 'MobileText')
REPLACE INTO `access_group_filesets` (`hash_id`, `access_group_id`) VALUES ('4dcb06d424df', 'HubText')
REPLACE INTO `bibles` (`id`, `language_id`, `versification`, `numeral_system_id`, `script`) VALUES ('KNJSBI', 'knj', 'protestant', 'western-arabic', 'Latin')
REPLACE INTO `bible_filesets` (`id`, `set_type_code`, `hash_id`, `asset_id`, `set_size_code`) VALUES ('KNJSBIN2DA', 'audio_drama', '902a826cf9e6', 'dbp-prod', 'P')
REPLACE INTO `bible_filesets` (`id`, `set_type_code`, `hash_id`, `asset_id`, `set_size_code`) VALUES ('KNJSBIN2ET', 'text_format', 'a89e0dfa5eaf', 'dbp-prod', 'P')
REPLACE INTO `bible_filesets` (`id`, `set_type_code`, `hash_id`, `asset_id`, `set_size_code`) VALUES ('KNJSBIO2ET', 'text_format', 'a461ebb364b5', 'dbp-prod', 'P')
REPLACE INTO `bible_fileset_connections` (`hash_id`, `bible_id`) VALUES ('902a826cf9e6', 'KNJSBI')
REPLACE INTO `bible_fileset_connections` (`hash_id`, `bible_id`) VALUES ('a89e0dfa5eaf', 'KNJSBI')
REPLACE INTO `bible_fileset_connections` (`hash_id`, `bible_id`) VALUES ('a461ebb364b5', 'KNJSBI')
REPLACE INTO `bible_fileset_copyrights` (`hash_id`, `copyright`, `copyright_description`) VALUES ('902a826cf9e6', 'Text: © 2001 Wycliffe Bible Translators, Inc.
Audio: ℗ 2001 Hosanna Grabado por Asociacion Vina', 'Text: © 2001 Wycliffe Bible Translators, Inc.
Audio: ℗ 2001 Hosanna Grabado por Asociacion Vina')
REPLACE INTO `bible_fileset_copyrights` (`hash_id`, `copyright`, `copyright_description`) VALUES ('a89e0dfa5eaf', '© 2001 Wycliffe Bible Translators, Inc.', '© 2001 Wycliffe Bible Translators, Inc.')
REPLACE INTO `bible_fileset_copyrights` (`hash_id`, `copyright`, `copyright_description`) VALUES ('a461ebb364b5', '© 2001 Wycliffe Bible Translators, Inc.', '© 2001 Wycliffe Bible Translators, Inc.')
REPLACE INTO `bible_fileset_copyright_organizations` (`hash_id`, `organization_id`, `organization_role`) VALUES ('902a826cf9e6', '9', '1')
REPLACE INTO `bible_fileset_copyright_organizations` (`hash_id`, `organization_id`, `organization_role`) VALUES ('a89e0dfa5eaf', null, '1')
REPLACE INTO `bible_fileset_copyright_organizations` (`hash_id`, `organization_id`, `organization_role`) VALUES ('a461ebb364b5', null, '1')
REPLACE INTO `bible_fileset_tags` (`hash_id`, `name`, `description`, `admin_only`, `iso`, `language_id`) VALUES ('902a826cf9e6', 'sku', 'N2KNJ/SBI', '0', 'eng', '6414')
REPLACE INTO `bible_fileset_tags` (`hash_id`, `name`, `description`, `admin_only`, `iso`, `language_id`) VALUES ('902a826cf9e6', 'volume', '2001 Edition', '0', 'eng', '6414')
REPLACE INTO `bible_fileset_tags` (`hash_id`, `name`, `description`, `admin_only`, `iso`, `language_id`) VALUES ('902a826cf9e6', 'bitrate', '64kbps', '0', 'eng', '6414')
REPLACE INTO `bible_fileset_tags` (`hash_id`, `name`, `description`, `admin_only`, `iso`, `language_id`) VALUES ('a89e0dfa5eaf', 'sku', 'N2KNJ/SBI', '0', 'eng', '6414')
REPLACE INTO `bible_fileset_tags` (`hash_id`, `name`, `description`, `admin_only`, `iso`, `language_id`) VALUES ('a89e0dfa5eaf', 'volume', '2001 Edition', '0', 'eng', '6414')
REPLACE INTO `bible_fileset_tags` (`hash_id`, `name`, `description`, `admin_only`, `iso`, `language_id`) VALUES ('a461ebb364b5', 'sku', 'N2KNJ/SBI', '0', 'eng', '6414')
REPLACE INTO `bible_fileset_tags` (`hash_id`, `name`, `description`, `admin_only`, `iso`, `language_id`) VALUES ('a461ebb364b5', 'volume', '2001 Edition', '0', 'eng', '6414')
REPLACE INTO `access_group_filesets` (`hash_id`, `access_group_id`) VALUES ('902a826cf9e6', 'DBPText')
REPLACE INTO `access_group_filesets` (`hash_id`, `access_group_id`) VALUES ('902a826cf9e6', 'DBPAudio')
REPLACE INTO `access_group_filesets` (`hash_id`, `access_group_id`) VALUES ('902a826cf9e6', 'DBPMobile')
REPLACE INTO `access_group_filesets` (`hash_id`, `access_group_id`) VALUES ('902a826cf9e6', 'DBPWebHub')
REPLACE INTO `access_group_filesets` (`hash_id`, `access_group_id`) VALUES ('902a826cf9e6', 'Download')
REPLACE INTO `access_group_filesets` (`hash_id`, `access_group_id`) VALUES ('902a826cf9e6', 'Streaming')
REPLACE INTO `access_group_filesets` (`hash_id`, `access_group_id`) VALUES ('902a826cf9e6', 'ItunesPodcast')
REPLACE INTO `access_group_filesets` (`hash_id`, `access_group_id`) VALUES ('902a826cf9e6', 'APIDevText')
REPLACE INTO `access_group_filesets` (`hash_id`, `access_group_id`) VALUES ('902a826cf9e6', 'APIDevAudio')
REPLACE INTO `access_group_filesets` (`hash_id`, `access_group_id`) VALUES ('902a826cf9e6', 'MobileText')
REPLACE INTO `access_group_filesets` (`hash_id`, `access_group_id`) VALUES ('902a826cf9e6', 'HubText')
REPLACE INTO `access_group_filesets` (`hash_id`, `access_group_id`) VALUES ('902a826cf9e6', 'WebHubVideo')
REPLACE INTO `access_group_filesets` (`hash_id`, `access_group_id`) VALUES ('902a826cf9e6', 'APIDevVideo')
REPLACE INTO `access_group_filesets` (`hash_id`, `access_group_id`) VALUES ('a89e0dfa5eaf', 'DBPText')
REPLACE INTO `access_group_filesets` (`hash_id`, `access_group_id`) VALUES ('a89e0dfa5eaf', 'DBPAudio')
REPLACE INTO `access_group_filesets` (`hash_id`, `access_group_id`) VALUES ('a89e0dfa5eaf', 'DBPMobile')
REPLACE INTO `access_group_filesets` (`hash_id`, `access_group_id`) VALUES ('a89e0dfa5eaf', 'DBPWebHub')
REPLACE INTO `access_group_filesets` (`hash_id`, `access_group_id`) VALUES ('a89e0dfa5eaf', 'Download')
REPLACE INTO `access_group_filesets` (`hash_id`, `access_group_id`) VALUES ('a89e0dfa5eaf', 'Streaming')
REPLACE INTO `access_group_filesets` (`hash_id`, `access_group_id`) VALUES ('a89e0dfa5eaf', 'ItunesPodcast')
REPLACE INTO `access_group_filesets` (`hash_id`, `access_group_id`) VALUES ('a89e0dfa5eaf', 'APIDevText')
REPLACE INTO `access_group_filesets` (`hash_id`, `access_group_id`) VALUES ('a89e0dfa5eaf', 'APIDevAudio')
REPLACE INTO `access_group_filesets` (`hash_id`, `access_group_id`) VALUES ('a89e0dfa5eaf', 'MobileText')
REPLACE INTO `access_group_filesets` (`hash_id`, `access_group_id`) VALUES ('a89e0dfa5eaf', 'HubText')
REPLACE INTO `access_group_filesets` (`hash_id`, `access_group_id`) VALUES ('a89e0dfa5eaf', 'WebHubVideo')
REPLACE INTO `access_group_filesets` (`hash_id`, `access_group_id`) VALUES ('a89e0dfa5eaf', 'APIDevVideo')
REPLACE INTO `access_group_filesets` (`hash_id`, `access_group_id`) VALUES ('a461ebb364b5', 'DBPText')
REPLACE INTO `access_group_filesets` (`hash_id`, `access_group_id`) VALUES ('a461ebb364b5', 'DBPAudio')
REPLACE INTO `access_group_filesets` (`hash_id`, `access_group_id`) VALUES ('a461ebb364b5', 'DBPMobile')
REPLACE INTO `access_group_filesets` (`hash_id`, `access_group_id`) VALUES ('a461ebb364b5', 'DBPWebHub')
REPLACE INTO `access_group_filesets` (`hash_id`, `access_group_id`) VALUES ('a461ebb364b5', 'Download')
REPLACE INTO `access_group_filesets` (`hash_id`, `access_group_id`) VALUES ('a461ebb364b5', 'Streaming')
REPLACE INTO `access_group_filesets` (`hash_id`, `access_group_id`) VALUES ('a461ebb364b5', 'ItunesPodcast')
REPLACE INTO `access_group_filesets` (`hash_id`, `access_group_id`) VALUES ('a461ebb364b5', 'APIDevText')
REPLACE INTO `access_group_filesets` (`hash_id`, `access_group_id`) VALUES ('a461ebb364b5', 'APIDevAudio')
REPLACE INTO `access_group_filesets` (`hash_id`, `access_group_id`) VALUES ('a461ebb364b5', 'MobileText')
REPLACE INTO `access_group_filesets` (`hash_id`, `access_group_id`) VALUES ('a461ebb364b5', 'HubText')
REPLACE INTO `access_group_filesets` (`hash_id`, `access_group_id`) VALUES ('a461ebb364b5', 'WebHubVideo')
REPLACE INTO `access_group_filesets` (`hash_id`, `access_group_id`) VALUES ('a461ebb364b5', 'APIDevVideo')
REPLACE INTO `bibles` (`id`, `language_id`, `versification`, `numeral_system_id`, `script`) VALUES ('ACEIBS', 'ace', 'protestant', 'western-arabic', 'Latin')
REPLACE INTO `bible_filesets` (`id`, `set_type_code`, `hash_id`, `asset_id`, `set_size_code`) VALUES ('AC1IBSN2DA', 'audio_drama', 'd1a1ef5d36e6', 'dbp-prod', 'P')
REPLACE INTO `bible_filesets` (`id`, `set_type_code`, `hash_id`, `asset_id`, `set_size_code`) VALUES ('AC1IBSN2ET', 'text_format', '42e1931f6cf4', 'dbp-prod', 'P')
REPLACE INTO `bible_filesets` (`id`, `set_type_code`, `hash_id`, `asset_id`, `set_size_code`) VALUES ('AC1IBSO2ET', 'text_format', 'd2681ccbe9ac', 'dbp-prod', 'P')
REPLACE INTO `bible_fileset_connections` (`hash_id`, `bible_id`) VALUES ('d1a1ef5d36e6', 'ACEIBS')
REPLACE INTO `bible_fileset_connections` (`hash_id`, `bible_id`) VALUES ('42e1931f6cf4', 'ACEIBS')
REPLACE INTO `bible_fileset_connections` (`hash_id`, `bible_id`) VALUES ('d2681ccbe9ac', 'ACEIBS')
REPLACE INTO `bible_fileset_copyrights` (`hash_id`, `copyright`, `copyright_description`) VALUES ('d1a1ef5d36e6', 'Text: © Lembaga Alkitab Indonesia 1997
Audio: ℗ 2007 Hosanna', 'Text: © Lembaga Alkitab Indonesia 1997
Audio: ℗ 2007 Hosanna')
REPLACE INTO `bible_fileset_copyrights` (`hash_id`, `copyright`, `copyright_description`) VALUES ('42e1931f6cf4', '© Lembaga Alkitab Indonesia 1997', '© Lembaga Alkitab Indonesia 1997')
REPLACE INTO `bible_fileset_copyrights` (`hash_id`, `copyright`, `copyright_description`) VALUES ('d2681ccbe9ac', '© Lembaga Alkitab Indonesia 1997', '© Lembaga Alkitab Indonesia 1997')
REPLACE INTO `bible_fileset_copyright_organizations` (`hash_id`, `organization_id`, `organization_role`) VALUES ('d1a1ef5d36e6', '9', '1')
REPLACE INTO `bible_fileset_copyright_organizations` (`hash_id`, `organization_id`, `organization_role`) VALUES ('42e1931f6cf4', null, '1')
REPLACE INTO `bible_fileset_copyright_organizations` (`hash_id`, `organization_id`, `organization_role`) VALUES ('d2681ccbe9ac', null, '1')
REPLACE INTO `bible_fileset_tags` (`hash_id`, `name`, `description`, `admin_only`, `iso`, `language_id`) VALUES ('d1a1ef5d36e6', 'sku', 'N2ACE/IBS', '0', 'eng', '6414')
REPLACE INTO `bible_fileset_tags` (`hash_id`, `name`, `description`, `admin_only`, `iso`, `language_id`) VALUES ('d1a1ef5d36e6', 'volume', 'Today's Aceh Version, 1997', '0', 'eng', '6414')
REPLACE INTO `bible_fileset_tags` (`hash_id`, `name`, `description`, `admin_only`, `iso`, `language_id`) VALUES ('d1a1ef5d36e6', 'bitrate', '64kbps', '0', 'eng', '6414')
REPLACE INTO `bible_fileset_tags` (`hash_id`, `name`, `description`, `admin_only`, `iso`, `language_id`) VALUES ('42e1931f6cf4', 'sku', 'N2ACE/IBS', '0', 'eng', '6414')
REPLACE INTO `bible_fileset_tags` (`hash_id`, `name`, `description`, `admin_only`, `iso`, `language_id`) VALUES ('42e1931f6cf4', 'volume', 'Today's Aceh Version, 1997', '0', 'eng', '6414')
REPLACE INTO `bible_fileset_tags` (`hash_id`, `name`, `description`, `admin_only`, `iso`, `language_id`) VALUES ('d2681ccbe9ac', 'sku', 'N2ACE/IBS', '0', 'eng', '6414')
REPLACE INTO `bible_fileset_tags` (`hash_id`, `name`, `description`, `admin_only`, `iso`, `language_id`) VALUES ('d2681ccbe9ac', 'volume', 'Today's Aceh Version, 1997', '0', 'eng', '6414')
REPLACE INTO `access_group_filesets` (`hash_id`, `access_group_id`) VALUES ('d1a1ef5d36e6', 'DBPText')
REPLACE INTO `access_group_filesets` (`hash_id`, `access_group_id`) VALUES ('d1a1ef5d36e6', 'DBPTextOT')
REPLACE INTO `access_group_filesets` (`hash_id`, `access_group_id`) VALUES ('d1a1ef5d36e6', 'DBPAudio')
REPLACE INTO `access_group_filesets` (`hash_id`, `access_group_id`) VALUES ('d1a1ef5d36e6', 'DBPMobile')
REPLACE INTO `access_group_filesets` (`hash_id`, `access_group_id`) VALUES ('d1a1ef5d36e6', 'DBPWebHub')
REPLACE INTO `access_group_filesets` (`hash_id`, `access_group_id`) VALUES ('d1a1ef5d36e6', 'Download')
REPLACE INTO `access_group_filesets` (`hash_id`, `access_group_id`) VALUES ('d1a1ef5d36e6', 'Streaming')
REPLACE INTO `access_group_filesets` (`hash_id`, `access_group_id`) VALUES ('d1a1ef5d36e6', 'ItunesPodcast')
REPLACE INTO `access_group_filesets` (`hash_id`, `access_group_id`) VALUES ('d1a1ef5d36e6', 'APIDevText')
REPLACE INTO `access_group_filesets` (`hash_id`, `access_group_id`) VALUES ('d1a1ef5d36e6', 'APIDevAudio')
REPLACE INTO `access_group_filesets` (`hash_id`, `access_group_id`) VALUES ('d1a1ef5d36e6', 'MobileText')
REPLACE INTO `access_group_filesets` (`hash_id`, `access_group_id`) VALUES ('d1a1ef5d36e6', 'HubText')
REPLACE INTO `access_group_filesets` (`hash_id`, `access_group_id`) VALUES ('42e1931f6cf4', 'DBPText')
REPLACE INTO `access_group_filesets` (`hash_id`, `access_group_id`) VALUES ('42e1931f6cf4', 'DBPTextOT')
REPLACE INTO `access_group_filesets` (`hash_id`, `access_group_id`) VALUES ('42e1931f6cf4', 'DBPAudio')
REPLACE INTO `access_group_filesets` (`hash_id`, `access_group_id`) VALUES ('42e1931f6cf4', 'DBPMobile')
REPLACE INTO `access_group_filesets` (`hash_id`, `access_group_id`) VALUES ('42e1931f6cf4', 'DBPWebHub')
REPLACE INTO `access_group_filesets` (`hash_id`, `access_group_id`) VALUES ('42e1931f6cf4', 'Download')
REPLACE INTO `access_group_filesets` (`hash_id`, `access_group_id`) VALUES ('42e1931f6cf4', 'Streaming')
REPLACE INTO `access_group_filesets` (`hash_id`, `access_group_id`) VALUES ('42e1931f6cf4', 'ItunesPodcast')
REPLACE INTO `access_group_filesets` (`hash_id`, `access_group_id`) VALUES ('42e1931f6cf4', 'APIDevText')
REPLACE INTO `access_group_filesets` (`hash_id`, `access_group_id`) VALUES ('42e1931f6cf4', 'APIDevAudio')
REPLACE INTO `access_group_filesets` (`hash_id`, `access_group_id`) VALUES ('42e1931f6cf4', 'MobileText')
REPLACE INTO `access_group_filesets` (`hash_id`, `access_group_id`) VALUES ('42e1931f6cf4', 'HubText')
REPLACE INTO `access_group_filesets` (`hash_id`, `access_group_id`) VALUES ('d2681ccbe9ac', 'DBPText')
REPLACE INTO `access_group_filesets` (`hash_id`, `access_group_id`) VALUES ('d2681ccbe9ac', 'DBPTextOT')
REPLACE INTO `access_group_filesets` (`hash_id`, `access_group_id`) VALUES ('d2681ccbe9ac', 'DBPAudio')
REPLACE INTO `access_group_filesets` (`hash_id`, `access_group_id`) VALUES ('d2681ccbe9ac', 'DBPMobile')
REPLACE INTO `access_group_filesets` (`hash_id`, `access_group_id`) VALUES ('d2681ccbe9ac', 'DBPWebHub')
REPLACE INTO `access_group_filesets` (`hash_id`, `access_group_id`) VALUES ('d2681ccbe9ac', 'Download')
REPLACE INTO `access_group_filesets` (`hash_id`, `access_group_id`) VALUES ('d2681ccbe9ac', 'Streaming')
REPLACE INTO `access_group_filesets` (`hash_id`, `access_group_id`) VALUES ('d2681ccbe9ac', 'ItunesPodcast')
REPLACE INTO `access_group_filesets` (`hash_id`, `access_group_id`) VALUES ('d2681ccbe9ac', 'APIDevText')
REPLACE INTO `access_group_filesets` (`hash_id`, `access_group_id`) VALUES ('d2681ccbe9ac', 'APIDevAudio')
REPLACE INTO `access_group_filesets` (`hash_id`, `access_group_id`) VALUES ('d2681ccbe9ac', 'MobileText')
REPLACE INTO `access_group_filesets` (`hash_id`, `access_group_id`) VALUES ('d2681ccbe9ac', 'HubText')
REPLACE INTO `bibles` (`id`, `language_id`, `versification`, `numeral_system_id`, `script`) VALUES ('ACAWBT', 'aca', 'protestant', 'western-arabic', 'Latin')
REPLACE INTO `bible_filesets` (`id`, `set_type_code`, `hash_id`, `asset_id`, `set_size_code`) VALUES ('ACAWBTP2DA', 'audio_drama', '0a6b0d5e5747', 'dbp-prod', 'P')
REPLACE INTO `bible_filesets` (`id`, `set_type_code`, `hash_id`, `asset_id`, `set_size_code`) VALUES ('ACAWBTP2ET', 'text_format', '9e3dfc3c7329', 'dbp-prod', 'P')
REPLACE INTO `bible_fileset_connections` (`hash_id`, `bible_id`) VALUES ('0a6b0d5e5747', 'ACAWBT')
REPLACE INTO `bible_fileset_connections` (`hash_id`, `bible_id`) VALUES ('9e3dfc3c7329', 'ACAWBT')
REPLACE INTO `bible_fileset_copyrights` (`hash_id`, `copyright`, `copyright_description`) VALUES ('0a6b0d5e5747', 'Text: © 2013 The Bible League
Audio: ℗ 2013 Francisco Garcia', 'Text: © 2013 The Bible League
Audio: ℗ 2013 Francisco Garcia')
REPLACE INTO `bible_fileset_copyrights` (`hash_id`, `copyright`, `copyright_description`) VALUES ('9e3dfc3c7329', '© 2013 The Bible League', '© 2013 The Bible League')
REPLACE INTO `bible_fileset_copyright_organizations` (`hash_id`, `organization_id`, `organization_role`) VALUES ('0a6b0d5e5747', null, '1')
REPLACE INTO `bible_fileset_copyright_organizations` (`hash_id`, `organization_id`, `organization_role`) VALUES ('9e3dfc3c7329', null, '1')
REPLACE INTO `bible_fileset_tags` (`hash_id`, `name`, `description`, `admin_only`, `iso`, `language_id`) VALUES ('0a6b0d5e5747', 'sku', 'P2ACA/WBT', '0', 'eng', '6414')
REPLACE INTO `bible_fileset_tags` (`hash_id`, `name`, `description`, `admin_only`, `iso`, `language_id`) VALUES ('0a6b0d5e5747', 'volume', '2013 Edition', '0', 'eng', '6414')
REPLACE INTO `bible_fileset_tags` (`hash_id`, `name`, `description`, `admin_only`, `iso`, `language_id`) VALUES ('0a6b0d5e5747', 'bitrate', '64kbps', '0', 'eng', '6414')
REPLACE INTO `bible_fileset_tags` (`hash_id`, `name`, `description`, `admin_only`, `iso`, `language_id`) VALUES ('9e3dfc3c7329', 'sku', 'P2ACA/WBT', '0', 'eng', '6414')
REPLACE INTO `bible_fileset_tags` (`hash_id`, `name`, `description`, `admin_only`, `iso`, `language_id`) VALUES ('9e3dfc3c7329', 'volume', '2013 Edition', '0', 'eng', '6414')
REPLACE INTO `access_group_filesets` (`hash_id`, `access_group_id`) VALUES ('0a6b0d5e5747', 'DBPText')
REPLACE INTO `access_group_filesets` (`hash_id`, `access_group_id`) VALUES ('0a6b0d5e5747', 'DBPTextOT')
REPLACE INTO `access_group_filesets` (`hash_id`, `access_group_id`) VALUES ('0a6b0d5e5747', 'DBPAudio')
REPLACE INTO `access_group_filesets` (`hash_id`, `access_group_id`) VALUES ('0a6b0d5e5747', 'DBPMobile')
REPLACE INTO `access_group_filesets` (`hash_id`, `access_group_id`) VALUES ('0a6b0d5e5747', 'DBPWebHub')
REPLACE INTO `access_group_filesets` (`hash_id`, `access_group_id`) VALUES ('0a6b0d5e5747', 'Download')
REPLACE INTO `access_group_filesets` (`hash_id`, `access_group_id`) VALUES ('0a6b0d5e5747', 'Streaming')
REPLACE INTO `access_group_filesets` (`hash_id`, `access_group_id`) VALUES ('0a6b0d5e5747', 'ItunesPodcast')
REPLACE INTO `access_group_filesets` (`hash_id`, `access_group_id`) VALUES ('0a6b0d5e5747', 'APIDevText')
REPLACE INTO `access_group_filesets` (`hash_id`, `access_group_id`) VALUES ('0a6b0d5e5747', 'APIDevAudio')
REPLACE INTO `access_group_filesets` (`hash_id`, `access_group_id`) VALUES ('0a6b0d5e5747', 'MobileText')
REPLACE INTO `access_group_filesets` (`hash_id`, `access_group_id`) VALUES ('0a6b0d5e5747', 'HubText')
REPLACE INTO `access_group_filesets` (`hash_id`, `access_group_id`) VALUES ('0a6b0d5e5747', 'WebHubVideo')
REPLACE INTO `access_group_filesets` (`hash_id`, `access_group_id`) VALUES ('0a6b0d5e5747', 'APIDevVideo')
REPLACE INTO `access_group_filesets` (`hash_id`, `access_group_id`) VALUES ('9e3dfc3c7329', 'DBPText')
REPLACE INTO `access_group_filesets` (`hash_id`, `access_group_id`) VALUES ('9e3dfc3c7329', 'DBPTextOT')
REPLACE INTO `access_group_filesets` (`hash_id`, `access_group_id`) VALUES ('9e3dfc3c7329', 'DBPAudio')
REPLACE INTO `access_group_filesets` (`hash_id`, `access_group_id`) VALUES ('9e3dfc3c7329', 'DBPMobile')
REPLACE INTO `access_group_filesets` (`hash_id`, `access_group_id`) VALUES ('9e3dfc3c7329', 'DBPWebHub')
REPLACE INTO `access_group_filesets` (`hash_id`, `access_group_id`) VALUES ('9e3dfc3c7329', 'Download')
REPLACE INTO `access_group_filesets` (`hash_id`, `access_group_id`) VALUES ('9e3dfc3c7329', 'Streaming')
REPLACE INTO `access_group_filesets` (`hash_id`, `access_group_id`) VALUES ('9e3dfc3c7329', 'ItunesPodcast')
REPLACE INTO `access_group_filesets` (`hash_id`, `access_group_id`) VALUES ('9e3dfc3c7329', 'APIDevText')
REPLACE INTO `access_group_filesets` (`hash_id`, `access_group_id`) VALUES ('9e3dfc3c7329', 'APIDevAudio')
REPLACE INTO `access_group_filesets` (`hash_id`, `access_group_id`) VALUES ('9e3dfc3c7329', 'MobileText')
REPLACE INTO `access_group_filesets` (`hash_id`, `access_group_id`) VALUES ('9e3dfc3c7329', 'HubText')
REPLACE INTO `access_group_filesets` (`hash_id`, `access_group_id`) VALUES ('9e3dfc3c7329', 'WebHubVideo')
REPLACE INTO `access_group_filesets` (`hash_id`, `access_group_id`) VALUES ('9e3dfc3c7329', 'APIDevVideo')
REPLACE INTO `bibles` (`id`, `language_id`, `versification`, `numeral_system_id`, `script`) VALUES ('GUQLPY', 'guq', 'protestant', 'western-arabic', 'Latin')
REPLACE INTO `bible_filesets` (`id`, `set_type_code`, `hash_id`, `asset_id`, `set_size_code`) VALUES ('GUQLPYN2DA', 'audio_drama', 'aaef11a9cb6f', 'dbp-prod', 'P')
REPLACE INTO `bible_filesets` (`id`, `set_type_code`, `hash_id`, `asset_id`, `set_size_code`) VALUES ('GUQLPYN1DA', 'audio', '3a1950227e07', 'dbp-prod', 'P')
REPLACE INTO `bible_filesets` (`id`, `set_type_code`, `hash_id`, `asset_id`, `set_size_code`) VALUES ('GUQLPYN2ET', 'text_format', 'd5891ca3b420', 'dbp-prod', 'P')
REPLACE INTO `bible_filesets` (`id`, `set_type_code`, `hash_id`, `asset_id`, `set_size_code`) VALUES ('GUQLPYN1ET', 'text_format', '0bf40cf1ab79', 'dbp-prod', 'P')
REPLACE INTO `bible_fileset_connections` (`hash_id`, `bible_id`) VALUES ('aaef11a9cb6f', 'GUQLPY')
REPLACE INTO `bible_fileset_connections` (`hash_id`, `bible_id`) VALUES ('3a1950227e07', 'GUQLPY')
REPLACE INTO `bible_fileset_connections` (`hash_id`, `bible_id`) VALUES ('d5891ca3b420', 'GUQLPY')
REPLACE INTO `bible_fileset_connections` (`hash_id`, `bible_id`) VALUES ('0bf40cf1ab79', 'GUQLPY')
REPLACE INTO `bible_fileset_copyrights` (`hash_id`, `copyright`, `copyright_description`) VALUES ('aaef11a9cb6f', 'Text: © LETRA Paraguay
Audio: ℗ 2014 Hosanna', 'Text: © LETRA Paraguay
Audio: ℗ 2014 Hosanna')
REPLACE INTO `bible_fileset_copyrights` (`hash_id`, `copyright`, `copyright_description`) VALUES ('3a1950227e07', 'Text: © LETRA Paraguay
Audio: ℗ 2014 Hosanna', 'Text: © LETRA Paraguay
Audio: ℗ 2014 Hosanna')
REPLACE INTO `bible_fileset_copyrights` (`hash_id`, `copyright`, `copyright_description`) VALUES ('d5891ca3b420', '© LETRA Paraguay', '© LETRA Paraguay')
REPLACE INTO `bible_fileset_copyrights` (`hash_id`, `copyright`, `copyright_description`) VALUES ('0bf40cf1ab79', '© LETRA Paraguay', '© LETRA Paraguay')
REPLACE INTO `bible_fileset_copyright_organizations` (`hash_id`, `organization_id`, `organization_role`) VALUES ('aaef11a9cb6f', '9', '1')
REPLACE INTO `bible_fileset_copyright_organizations` (`hash_id`, `organization_id`, `organization_role`) VALUES ('3a1950227e07', '9', '1')
REPLACE INTO `bible_fileset_copyright_organizations` (`hash_id`, `organization_id`, `organization_role`) VALUES ('d5891ca3b420', null, '1')
REPLACE INTO `bible_fileset_copyright_organizations` (`hash_id`, `organization_id`, `organization_role`) VALUES ('0bf40cf1ab79', null, '1')
REPLACE INTO `bible_fileset_tags` (`hash_id`, `name`, `description`, `admin_only`, `iso`, `language_id`) VALUES ('aaef11a9cb6f', 'sku', 'N2GUQ/LPY', '0', 'eng', '6414')
REPLACE INTO `bible_fileset_tags` (`hash_id`, `name`, `description`, `admin_only`, `iso`, `language_id`) VALUES ('aaef11a9cb6f', 'volume', 'LETRA Version', '0', 'eng', '6414')
REPLACE INTO `bible_fileset_tags` (`hash_id`, `name`, `description`, `admin_only`, `iso`, `language_id`) VALUES ('aaef11a9cb6f', 'bitrate', '64kbps', '0', 'eng', '6414')
REPLACE INTO `bible_fileset_tags` (`hash_id`, `name`, `description`, `admin_only`, `iso`, `language_id`) VALUES ('3a1950227e07', 'sku', 'N2GUQ/LPY', '0', 'eng', '6414')
REPLACE INTO `bible_fileset_tags` (`hash_id`, `name`, `description`, `admin_only`, `iso`, `language_id`) VALUES ('3a1950227e07', 'volume', 'LETRA Version', '0', 'eng', '6414')
REPLACE INTO `bible_fileset_tags` (`hash_id`, `name`, `description`, `admin_only`, `iso`, `language_id`) VALUES ('3a1950227e07', 'bitrate', '64kbps', '0', 'eng', '6414')
REPLACE INTO `bible_fileset_tags` (`hash_id`, `name`, `description`, `admin_only`, `iso`, `language_id`) VALUES ('d5891ca3b420', 'sku', 'N2GUQ/LPY', '0', 'eng', '6414')
REPLACE INTO `bible_fileset_tags` (`hash_id`, `name`, `description`, `admin_only`, `iso`, `language_id`) VALUES ('d5891ca3b420', 'volume', 'LETRA Version', '0', 'eng', '6414')
REPLACE INTO `bible_fileset_tags` (`hash_id`, `name`, `description`, `admin_only`, `iso`, `language_id`) VALUES ('0bf40cf1ab79', 'sku', 'N2GUQ/LPY', '0', 'eng', '6414')
REPLACE INTO `bible_fileset_tags` (`hash_id`, `name`, `description`, `admin_only`, `iso`, `language_id`) VALUES ('0bf40cf1ab79', 'volume', 'LETRA Version', '0', 'eng', '6414')
REPLACE INTO `access_group_filesets` (`hash_id`, `access_group_id`) VALUES ('aaef11a9cb6f', 'DBPText')
REPLACE INTO `access_group_filesets` (`hash_id`, `access_group_id`) VALUES ('aaef11a9cb6f', 'DBPAudio')
REPLACE INTO `access_group_filesets` (`hash_id`, `access_group_id`) VALUES ('aaef11a9cb6f', 'DBPMobile')
REPLACE INTO `access_group_filesets` (`hash_id`, `access_group_id`) VALUES ('aaef11a9cb6f', 'DBPWebHub')
REPLACE INTO `access_group_filesets` (`hash_id`, `access_group_id`) VALUES ('aaef11a9cb6f', 'Download')
REPLACE INTO `access_group_filesets` (`hash_id`, `access_group_id`) VALUES ('aaef11a9cb6f', 'Streaming')
REPLACE INTO `access_group_filesets` (`hash_id`, `access_group_id`) VALUES ('aaef11a9cb6f', 'ItunesPodcast')
REPLACE INTO `access_group_filesets` (`hash_id`, `access_group_id`) VALUES ('aaef11a9cb6f', 'APIDevText')
REPLACE INTO `access_group_filesets` (`hash_id`, `access_group_id`) VALUES ('aaef11a9cb6f', 'APIDevAudio')
REPLACE INTO `access_group_filesets` (`hash_id`, `access_group_id`) VALUES ('aaef11a9cb6f', 'MobileText')
REPLACE INTO `access_group_filesets` (`hash_id`, `access_group_id`) VALUES ('aaef11a9cb6f', 'HubText')
REPLACE INTO `access_group_filesets` (`hash_id`, `access_group_id`) VALUES ('3a1950227e07', 'DBPText')
REPLACE INTO `access_group_filesets` (`hash_id`, `access_group_id`) VALUES ('3a1950227e07', 'DBPAudio')
REPLACE INTO `access_group_filesets` (`hash_id`, `access_group_id`) VALUES ('3a1950227e07', 'DBPMobile')
REPLACE INTO `access_group_filesets` (`hash_id`, `access_group_id`) VALUES ('3a1950227e07', 'DBPWebHub')
REPLACE INTO `access_group_filesets` (`hash_id`, `access_group_id`) VALUES ('3a1950227e07', 'Download')
REPLACE INTO `access_group_filesets` (`hash_id`, `access_group_id`) VALUES ('3a1950227e07', 'Streaming')
REPLACE INTO `access_group_filesets` (`hash_id`, `access_group_id`) VALUES ('3a1950227e07', 'ItunesPodcast')
REPLACE INTO `access_group_filesets` (`hash_id`, `access_group_id`) VALUES ('3a1950227e07', 'APIDevText')
REPLACE INTO `access_group_filesets` (`hash_id`, `access_group_id`) VALUES ('3a1950227e07', 'APIDevAudio')
REPLACE INTO `access_group_filesets` (`hash_id`, `access_group_id`) VALUES ('3a1950227e07', 'MobileText')
REPLACE INTO `access_group_filesets` (`hash_id`, `access_group_id`) VALUES ('3a1950227e07', 'HubText')
REPLACE INTO `access_group_filesets` (`hash_id`, `access_group_id`) VALUES ('d5891ca3b420', 'DBPText')
REPLACE INTO `access_group_filesets` (`hash_id`, `access_group_id`) VALUES ('d5891ca3b420', 'DBPAudio')
REPLACE INTO `access_group_filesets` (`hash_id`, `access_group_id`) VALUES ('d5891ca3b420', 'DBPMobile')
REPLACE INTO `access_group_filesets` (`hash_id`, `access_group_id`) VALUES ('d5891ca3b420', 'DBPWebHub')
REPLACE INTO `access_group_filesets` (`hash_id`, `access_group_id`) VALUES ('d5891ca3b420', 'Download')
REPLACE INTO `access_group_filesets` (`hash_id`, `access_group_id`) VALUES ('d5891ca3b420', 'Streaming')
REPLACE INTO `access_group_filesets` (`hash_id`, `access_group_id`) VALUES ('d5891ca3b420', 'ItunesPodcast')
REPLACE INTO `access_group_filesets` (`hash_id`, `access_group_id`) VALUES ('d5891ca3b420', 'APIDevText')
REPLACE INTO `access_group_filesets` (`hash_id`, `access_group_id`) VALUES ('d5891ca3b420', 'APIDevAudio')
REPLACE INTO `access_group_filesets` (`hash_id`, `access_group_id`) VALUES ('d5891ca3b420', 'MobileText')
REPLACE INTO `access_group_filesets` (`hash_id`, `access_group_id`) VALUES ('d5891ca3b420', 'HubText')
REPLACE INTO `access_group_filesets` (`hash_id`, `access_group_id`) VALUES ('0bf40cf1ab79', 'DBPText')
REPLACE INTO `access_group_filesets` (`hash_id`, `access_group_id`) VALUES ('0bf40cf1ab79', 'DBPAudio')
REPLACE INTO `access_group_filesets` (`hash_id`, `access_group_id`) VALUES ('0bf40cf1ab79', 'DBPMobile')
REPLACE INTO `access_group_filesets` (`hash_id`, `access_group_id`) VALUES ('0bf40cf1ab79', 'DBPWebHub')
REPLACE INTO `access_group_filesets` (`hash_id`, `access_group_id`) VALUES ('0bf40cf1ab79', 'Download')
REPLACE INTO `access_group_filesets` (`hash_id`, `access_group_id`) VALUES ('0bf40cf1ab79', 'Streaming')
REPLACE INTO `access_group_filesets` (`hash_id`, `access_group_id`) VALUES ('0bf40cf1ab79', 'ItunesPodcast')
REPLACE INTO `access_group_filesets` (`hash_id`, `access_group_id`) VALUES ('0bf40cf1ab79', 'APIDevText')
REPLACE INTO `access_group_filesets` (`hash_id`, `access_group_id`) VALUES ('0bf40cf1ab79', 'APIDevAudio')
REPLACE INTO `access_group_filesets` (`hash_id`, `access_group_id`) VALUES ('0bf40cf1ab79', 'MobileText')
REPLACE INTO `access_group_filesets` (`hash_id`, `access_group_id`) VALUES ('0bf40cf1ab79', 'HubText')
REPLACE INTO `bibles` (`id`, `language_id`, `versification`, `numeral_system_id`, `script`) VALUES ('ACRNNT', 'acr', 'protestant', 'western-arabic', 'Latin')
REPLACE INTO `bible_filesets` (`id`, `set_type_code`, `hash_id`, `asset_id`, `set_size_code`) VALUES ('ACRWBTN2DA', 'audio_drama', '86309c018461', 'dbp-prod', 'P')
REPLACE INTO `bible_filesets` (`id`, `set_type_code`, `hash_id`, `asset_id`, `set_size_code`) VALUES ('ACRWB1N2DA', 'audio_drama', '6c3488a8e57a', 'dbp-prod', 'P')
REPLACE INTO `bible_filesets` (`id`, `set_type_code`, `hash_id`, `asset_id`, `set_size_code`) VALUES ('ACRWBTN2ET', 'text_format', 'c5bb03e39c9b', 'dbp-prod', 'P')
REPLACE INTO `bible_filesets` (`id`, `set_type_code`, `hash_id`, `asset_id`, `set_size_code`) VALUES ('ACRWB1N2ET', 'text_format', 'a2ded4924dae', 'dbp-prod', 'P')
REPLACE INTO `bible_filesets` (`id`, `set_type_code`, `hash_id`, `asset_id`, `set_size_code`) VALUES ('ACRWBTP2DV', 'text_format', '57103c438a2a', 'dbp-prod', 'P')
REPLACE INTO `bible_fileset_connections` (`hash_id`, `bible_id`) VALUES ('86309c018461', 'ACRNNT')
REPLACE INTO `bible_fileset_connections` (`hash_id`, `bible_id`) VALUES ('6c3488a8e57a', 'ACRNNT')
REPLACE INTO `bible_fileset_connections` (`hash_id`, `bible_id`) VALUES ('c5bb03e39c9b', 'ACRNNT')
REPLACE INTO `bible_fileset_connections` (`hash_id`, `bible_id`) VALUES ('a2ded4924dae', 'ACRNNT')
REPLACE INTO `bible_fileset_connections` (`hash_id`, `bible_id`) VALUES ('57103c438a2a', 'ACRNNT')
REPLACE INTO `bible_fileset_copyrights` (`hash_id`, `copyright`, `copyright_description`) VALUES ('86309c018461', 'Text: © 2009 Wycliffe Bible Translators, Inc.
Audio: ℗ 2009 Hosanna', 'Text: © 2009 Wycliffe Bible Translators, Inc.
Audio: ℗ 2009 Hosanna')
REPLACE INTO `bible_fileset_copyrights` (`hash_id`, `copyright`, `copyright_description`) VALUES ('6c3488a8e57a', 'Text: © 2009 Wycliffe Bible Translators, Inc.
Audio: ℗ 2009 Hosanna', 'Text: © 2009 Wycliffe Bible Translators, Inc.
Audio: ℗ 2009 Hosanna')
REPLACE INTO `bible_fileset_copyrights` (`hash_id`, `copyright`, `copyright_description`) VALUES ('c5bb03e39c9b', '© 2009 Wycliffe Bible Translators, Inc.', '© 2009 Wycliffe Bible Translators, Inc.')
REPLACE INTO `bible_fileset_copyrights` (`hash_id`, `copyright`, `copyright_description`) VALUES ('a2ded4924dae', '© 2009 Wycliffe Bible Translators, Inc.', '© 2009 Wycliffe Bible Translators, Inc.')
REPLACE INTO `bible_fileset_copyrights` (`hash_id`, `copyright`, `copyright_description`) VALUES ('57103c438a2a', '© 2009 Wycliffe Bible Translators, Inc.', '© 2009 Wycliffe Bible Translators, Inc.')
REPLACE INTO `bible_fileset_copyright_organizations` (`hash_id`, `organization_id`, `organization_role`) VALUES ('86309c018461', '9', '1')
REPLACE INTO `bible_fileset_copyright_organizations` (`hash_id`, `organization_id`, `organization_role`) VALUES ('6c3488a8e57a', '9', '1')
REPLACE INTO `bible_fileset_copyright_organizations` (`hash_id`, `organization_id`, `organization_role`) VALUES ('c5bb03e39c9b', null, '1')
REPLACE INTO `bible_fileset_copyright_organizations` (`hash_id`, `organization_id`, `organization_role`) VALUES ('a2ded4924dae', null, '1')
REPLACE INTO `bible_fileset_copyright_organizations` (`hash_id`, `organization_id`, `organization_role`) VALUES ('57103c438a2a', null, '1')
REPLACE INTO `bible_fileset_tags` (`hash_id`, `name`, `description`, `admin_only`, `iso`, `language_id`) VALUES ('86309c018461', 'sku', 'N2ACR/WBT', '0', 'eng', '6414')
REPLACE INTO `bible_fileset_tags` (`hash_id`, `name`, `description`, `admin_only`, `iso`, `language_id`) VALUES ('86309c018461', 'volume', '2009 Edition', '0', 'eng', '6414')
REPLACE INTO `bible_fileset_tags` (`hash_id`, `name`, `description`, `admin_only`, `iso`, `language_id`) VALUES ('86309c018461', 'bitrate', '64kbps', '0', 'eng', '6414')
REPLACE INTO `bible_fileset_tags` (`hash_id`, `name`, `description`, `admin_only`, `iso`, `language_id`) VALUES ('6c3488a8e57a', 'sku', 'N2ACR/WBT', '0', 'eng', '6414')
REPLACE INTO `bible_fileset_tags` (`hash_id`, `name`, `description`, `admin_only`, `iso`, `language_id`) VALUES ('6c3488a8e57a', 'volume', '2009 Edition', '0', 'eng', '6414')
REPLACE INTO `bible_fileset_tags` (`hash_id`, `name`, `description`, `admin_only`, `iso`, `language_id`) VALUES ('6c3488a8e57a', 'bitrate', '64kbps', '0', 'eng', '6414')
REPLACE INTO `bible_fileset_tags` (`hash_id`, `name`, `description`, `admin_only`, `iso`, `language_id`) VALUES ('c5bb03e39c9b', 'sku', 'N2ACR/WBT', '0', 'eng', '6414')
REPLACE INTO `bible_fileset_tags` (`hash_id`, `name`, `description`, `admin_only`, `iso`, `language_id`) VALUES ('c5bb03e39c9b', 'volume', '2009 Edition', '0', 'eng', '6414')
REPLACE INTO `bible_fileset_tags` (`hash_id`, `name`, `description`, `admin_only`, `iso`, `language_id`) VALUES ('a2ded4924dae', 'sku', 'N2ACR/WBT', '0', 'eng', '6414')
REPLACE INTO `bible_fileset_tags` (`hash_id`, `name`, `description`, `admin_only`, `iso`, `language_id`) VALUES ('a2ded4924dae', 'volume', '2009 Edition', '0', 'eng', '6414')
REPLACE INTO `bible_fileset_tags` (`hash_id`, `name`, `description`, `admin_only`, `iso`, `language_id`) VALUES ('57103c438a2a', 'sku', 'N2ACR/WBT', '0', 'eng', '6414')
REPLACE INTO `bible_fileset_tags` (`hash_id`, `name`, `description`, `admin_only`, `iso`, `language_id`) VALUES ('57103c438a2a', 'volume', '2009 Edition', '0', 'eng', '6414')
REPLACE INTO `access_group_filesets` (`hash_id`, `access_group_id`) VALUES ('86309c018461', 'DBPText')
REPLACE INTO `access_group_filesets` (`hash_id`, `access_group_id`) VALUES ('86309c018461', 'DBPAudio')
REPLACE INTO `access_group_filesets` (`hash_id`, `access_group_id`) VALUES ('86309c018461', 'DBPMobile')
REPLACE INTO `access_group_filesets` (`hash_id`, `access_group_id`) VALUES ('86309c018461', 'DBPWebHub')
REPLACE INTO `access_group_filesets` (`hash_id`, `access_group_id`) VALUES ('86309c018461', 'Download')
REPLACE INTO `access_group_filesets` (`hash_id`, `access_group_id`) VALUES ('86309c018461', 'Streaming')
REPLACE INTO `access_group_filesets` (`hash_id`, `access_group_id`) VALUES ('86309c018461', 'ItunesPodcast')
REPLACE INTO `access_group_filesets` (`hash_id`, `access_group_id`) VALUES ('86309c018461', 'APIDevText')
REPLACE INTO `access_group_filesets` (`hash_id`, `access_group_id`) VALUES ('86309c018461', 'APIDevAudio')
REPLACE INTO `access_group_filesets` (`hash_id`, `access_group_id`) VALUES ('86309c018461', 'MobileText')
REPLACE INTO `access_group_filesets` (`hash_id`, `access_group_id`) VALUES ('86309c018461', 'HubText')
REPLACE INTO `access_group_filesets` (`hash_id`, `access_group_id`) VALUES ('86309c018461', 'WebHubVideo')
REPLACE INTO `access_group_filesets` (`hash_id`, `access_group_id`) VALUES ('86309c018461', 'APIDevVideo')
REPLACE INTO `access_group_filesets` (`hash_id`, `access_group_id`) VALUES ('6c3488a8e57a', 'DBPText')
REPLACE INTO `access_group_filesets` (`hash_id`, `access_group_id`) VALUES ('6c3488a8e57a', 'DBPAudio')
REPLACE INTO `access_group_filesets` (`hash_id`, `access_group_id`) VALUES ('6c3488a8e57a', 'DBPMobile')
REPLACE INTO `access_group_filesets` (`hash_id`, `access_group_id`) VALUES ('6c3488a8e57a', 'DBPWebHub')
REPLACE INTO `access_group_filesets` (`hash_id`, `access_group_id`) VALUES ('6c3488a8e57a', 'Download')
REPLACE INTO `access_group_filesets` (`hash_id`, `access_group_id`) VALUES ('6c3488a8e57a', 'Streaming')
REPLACE INTO `access_group_filesets` (`hash_id`, `access_group_id`) VALUES ('6c3488a8e57a', 'ItunesPodcast')
REPLACE INTO `access_group_filesets` (`hash_id`, `access_group_id`) VALUES ('6c3488a8e57a', 'APIDevText')
REPLACE INTO `access_group_filesets` (`hash_id`, `access_group_id`) VALUES ('6c3488a8e57a', 'APIDevAudio')
REPLACE INTO `access_group_filesets` (`hash_id`, `access_group_id`) VALUES ('6c3488a8e57a', 'MobileText')
REPLACE INTO `access_group_filesets` (`hash_id`, `access_group_id`) VALUES ('6c3488a8e57a', 'HubText')
REPLACE INTO `access_group_filesets` (`hash_id`, `access_group_id`) VALUES ('6c3488a8e57a', 'WebHubVideo')
REPLACE INTO `access_group_filesets` (`hash_id`, `access_group_id`) VALUES ('6c3488a8e57a', 'APIDevVideo')
REPLACE INTO `access_group_filesets` (`hash_id`, `access_group_id`) VALUES ('c5bb03e39c9b', 'DBPText')
REPLACE INTO `access_group_filesets` (`hash_id`, `access_group_id`) VALUES ('c5bb03e39c9b', 'DBPAudio')
REPLACE INTO `access_group_filesets` (`hash_id`, `access_group_id`) VALUES ('c5bb03e39c9b', 'DBPMobile')
REPLACE INTO `access_group_filesets` (`hash_id`, `access_group_id`) VALUES ('c5bb03e39c9b', 'DBPWebHub')
REPLACE INTO `access_group_filesets` (`hash_id`, `access_group_id`) VALUES ('c5bb03e39c9b', 'Download')
REPLACE INTO `access_group_filesets` (`hash_id`, `access_group_id`) VALUES ('c5bb03e39c9b', 'Streaming')
REPLACE INTO `access_group_filesets` (`hash_id`, `access_group_id`) VALUES ('c5bb03e39c9b', 'ItunesPodcast')
REPLACE INTO `access_group_filesets` (`hash_id`, `access_group_id`) VALUES ('c5bb03e39c9b', 'APIDevText')
REPLACE INTO `access_group_filesets` (`hash_id`, `access_group_id`) VALUES ('c5bb03e39c9b', 'APIDevAudio')
REPLACE INTO `access_group_filesets` (`hash_id`, `access_group_id`) VALUES ('c5bb03e39c9b', 'MobileText')
REPLACE INTO `access_group_filesets` (`hash_id`, `access_group_id`) VALUES ('c5bb03e39c9b', 'HubText')
REPLACE INTO `access_group_filesets` (`hash_id`, `access_group_id`) VALUES ('c5bb03e39c9b', 'WebHubVideo')
REPLACE INTO `access_group_filesets` (`hash_id`, `access_group_id`) VALUES ('c5bb03e39c9b', 'APIDevVideo')
REPLACE INTO `access_group_filesets` (`hash_id`, `access_group_id`) VALUES ('a2ded4924dae', 'DBPText')
REPLACE INTO `access_group_filesets` (`hash_id`, `access_group_id`) VALUES ('a2ded4924dae', 'DBPAudio')
REPLACE INTO `access_group_filesets` (`hash_id`, `access_group_id`) VALUES ('a2ded4924dae', 'DBPMobile')
REPLACE INTO `access_group_filesets` (`hash_id`, `access_group_id`) VALUES ('a2ded4924dae', 'DBPWebHub')
REPLACE INTO `access_group_filesets` (`hash_id`, `access_group_id`) VALUES ('a2ded4924dae', 'Download')
REPLACE INTO `access_group_filesets` (`hash_id`, `access_group_id`) VALUES ('a2ded4924dae', 'Streaming')
REPLACE INTO `access_group_filesets` (`hash_id`, `access_group_id`) VALUES ('a2ded4924dae', 'ItunesPodcast')
REPLACE INTO `access_group_filesets` (`hash_id`, `access_group_id`) VALUES ('a2ded4924dae', 'APIDevText')
REPLACE INTO `access_group_filesets` (`hash_id`, `access_group_id`) VALUES ('a2ded4924dae', 'APIDevAudio')
REPLACE INTO `access_group_filesets` (`hash_id`, `access_group_id`) VALUES ('a2ded4924dae', 'MobileText')
REPLACE INTO `access_group_filesets` (`hash_id`, `access_group_id`) VALUES ('a2ded4924dae', 'HubText')
REPLACE INTO `access_group_filesets` (`hash_id`, `access_group_id`) VALUES ('a2ded4924dae', 'WebHubVideo')
REPLACE INTO `access_group_filesets` (`hash_id`, `access_group_id`) VALUES ('a2ded4924dae', 'APIDevVideo')
REPLACE INTO `access_group_filesets` (`hash_id`, `access_group_id`) VALUES ('57103c438a2a', 'DBPText')
REPLACE INTO `access_group_filesets` (`hash_id`, `access_group_id`) VALUES ('57103c438a2a', 'DBPAudio')
REPLACE INTO `access_group_filesets` (`hash_id`, `access_group_id`) VALUES ('57103c438a2a', 'DBPMobile')
REPLACE INTO `access_group_filesets` (`hash_id`, `access_group_id`) VALUES ('57103c438a2a', 'DBPWebHub')
REPLACE INTO `access_group_filesets` (`hash_id`, `access_group_id`) VALUES ('57103c438a2a', 'Download')
REPLACE INTO `access_group_filesets` (`hash_id`, `access_group_id`) VALUES ('57103c438a2a', 'Streaming')
REPLACE INTO `access_group_filesets` (`hash_id`, `access_group_id`) VALUES ('57103c438a2a', 'ItunesPodcast')
REPLACE INTO `access_group_filesets` (`hash_id`, `access_group_id`) VALUES ('57103c438a2a', 'APIDevText')
REPLACE INTO `access_group_filesets` (`hash_id`, `access_group_id`) VALUES ('57103c438a2a', 'APIDevAudio')
REPLACE INTO `access_group_filesets` (`hash_id`, `access_group_id`) VALUES ('57103c438a2a', 'MobileText')
REPLACE INTO `access_group_filesets` (`hash_id`, `access_group_id`) VALUES ('57103c438a2a', 'HubText')
REPLACE INTO `access_group_filesets` (`hash_id`, `access_group_id`) VALUES ('57103c438a2a', 'WebHubVideo')
REPLACE INTO `access_group_filesets` (`hash_id`, `access_group_id`) VALUES ('57103c438a2a', 'APIDevVideo')
REPLACE INTO `bibles` (`id`, `language_id`, `versification`, `numeral_system_id`, `script`) VALUES ('ACRAEM', 'acr', 'protestant', 'western-arabic', 'Latin')
REPLACE INTO `bible_filesets` (`id`, `set_type_code`, `hash_id`, `asset_id`, `set_size_code`) VALUES ('ACRAEMP2DA', 'audio_drama', '3bb33f117e0c', 'dbp-prod', 'P')
REPLACE INTO `bible_filesets` (`id`, `set_type_code`, `hash_id`, `asset_id`, `set_size_code`) VALUES ('ACRAEMP1DA', 'audio', 'aa866a0cc718', 'dbp-prod', 'P')
REPLACE INTO `bible_filesets` (`id`, `set_type_code`, `hash_id`, `asset_id`, `set_size_code`) VALUES ('ACRAEMP2ET', 'text_format', 'cd521d795724', 'dbp-prod', 'P')
REPLACE INTO `bible_filesets` (`id`, `set_type_code`, `hash_id`, `asset_id`, `set_size_code`) VALUES ('ACRAEMP1ET', 'text_format', '11b2aad7694c', 'dbp-prod', 'P')
REPLACE INTO `bible_fileset_connections` (`hash_id`, `bible_id`) VALUES ('3bb33f117e0c', 'ACRAEM')
REPLACE INTO `bible_fileset_connections` (`hash_id`, `bible_id`) VALUES ('aa866a0cc718', 'ACRAEM')
REPLACE INTO `bible_fileset_connections` (`hash_id`, `bible_id`) VALUES ('cd521d795724', 'ACRAEM')
REPLACE INTO `bible_fileset_connections` (`hash_id`, `bible_id`) VALUES ('11b2aad7694c', 'ACRAEM')
REPLACE INTO `bible_fileset_copyrights` (`hash_id`, `copyright`, `copyright_description`) VALUES ('3bb33f117e0c', 'Text: © Asociación Educativa y Cultural Maya
Audio: ℗ 2016 Hosanna', 'Text: © Asociación Educativa y Cultural Maya
Audio: ℗ 2016 Hosanna')
REPLACE INTO `bible_fileset_copyrights` (`hash_id`, `copyright`, `copyright_description`) VALUES ('aa866a0cc718', 'Text: © Asociación Educativa y Cultural Maya
Audio: ℗ 2016 Hosanna', 'Text: © Asociación Educativa y Cultural Maya
Audio: ℗ 2016 Hosanna')
REPLACE INTO `bible_fileset_copyrights` (`hash_id`, `copyright`, `copyright_description`) VALUES ('cd521d795724', '© Asociación Educativa y Cultural Maya', '© Asociación Educativa y Cultural Maya')
REPLACE INTO `bible_fileset_copyrights` (`hash_id`, `copyright`, `copyright_description`) VALUES ('11b2aad7694c', '© Asociación Educativa y Cultural Maya', '© Asociación Educativa y Cultural Maya')
REPLACE INTO `bible_fileset_copyright_organizations` (`hash_id`, `organization_id`, `organization_role`) VALUES ('3bb33f117e0c', '9', '1')
REPLACE INTO `bible_fileset_copyright_organizations` (`hash_id`, `organization_id`, `organization_role`) VALUES ('aa866a0cc718', '9', '1')
REPLACE INTO `bible_fileset_copyright_organizations` (`hash_id`, `organization_id`, `organization_role`) VALUES ('cd521d795724', null, '1')
REPLACE INTO `bible_fileset_copyright_organizations` (`hash_id`, `organization_id`, `organization_role`) VALUES ('11b2aad7694c', null, '1')
REPLACE INTO `bible_fileset_tags` (`hash_id`, `name`, `description`, `admin_only`, `iso`, `language_id`) VALUES ('3bb33f117e0c', 'sku', 'P2ACR/AEM', '0', 'eng', '6414')
REPLACE INTO `bible_fileset_tags` (`hash_id`, `name`, `description`, `admin_only`, `iso`, `language_id`) VALUES ('3bb33f117e0c', 'volume', 'AECM Version', '0', 'eng', '6414')
REPLACE INTO `bible_fileset_tags` (`hash_id`, `name`, `description`, `admin_only`, `iso`, `language_id`) VALUES ('3bb33f117e0c', 'bitrate', '64kbps', '0', 'eng', '6414')
REPLACE INTO `bible_fileset_tags` (`hash_id`, `name`, `description`, `admin_only`, `iso`, `language_id`) VALUES ('aa866a0cc718', 'sku', 'P2ACR/AEM', '0', 'eng', '6414')
REPLACE INTO `bible_fileset_tags` (`hash_id`, `name`, `description`, `admin_only`, `iso`, `language_id`) VALUES ('aa866a0cc718', 'volume', 'AECM Version', '0', 'eng', '6414')
REPLACE INTO `bible_fileset_tags` (`hash_id`, `name`, `description`, `admin_only`, `iso`, `language_id`) VALUES ('aa866a0cc718', 'bitrate', '64kbps', '0', 'eng', '6414')
REPLACE INTO `bible_fileset_tags` (`hash_id`, `name`, `description`, `admin_only`, `iso`, `language_id`) VALUES ('cd521d795724', 'sku', 'P2ACR/AEM', '0', 'eng', '6414')
REPLACE INTO `bible_fileset_tags` (`hash_id`, `name`, `description`, `admin_only`, `iso`, `language_id`) VALUES ('cd521d795724', 'volume', 'AECM Version', '0', 'eng', '6414')
REPLACE INTO `bible_fileset_tags` (`hash_id`, `name`, `description`, `admin_only`, `iso`, `language_id`) VALUES ('11b2aad7694c', 'sku', 'P2ACR/AEM', '0', 'eng', '6414')
REPLACE INTO `bible_fileset_tags` (`hash_id`, `name`, `description`, `admin_only`, `iso`, `language_id`) VALUES ('11b2aad7694c', 'volume', 'AECM Version', '0', 'eng', '6414')
REPLACE INTO `access_group_filesets` (`hash_id`, `access_group_id`) VALUES ('3bb33f117e0c', 'DBPText')
REPLACE INTO `access_group_filesets` (`hash_id`, `access_group_id`) VALUES ('3bb33f117e0c', 'DBPTextOT')
REPLACE INTO `access_group_filesets` (`hash_id`, `access_group_id`) VALUES ('3bb33f117e0c', 'DBPAudio')
REPLACE INTO `access_group_filesets` (`hash_id`, `access_group_id`) VALUES ('3bb33f117e0c', 'DBPMobile')
REPLACE INTO `access_group_filesets` (`hash_id`, `access_group_id`) VALUES ('3bb33f117e0c', 'DBPWebHub')
REPLACE INTO `access_group_filesets` (`hash_id`, `access_group_id`) VALUES ('3bb33f117e0c', 'Download')
REPLACE INTO `access_group_filesets` (`hash_id`, `access_group_id`) VALUES ('3bb33f117e0c', 'Streaming')
REPLACE INTO `access_group_filesets` (`hash_id`, `access_group_id`) VALUES ('3bb33f117e0c', 'ItunesPodcast')
REPLACE INTO `access_group_filesets` (`hash_id`, `access_group_id`) VALUES ('3bb33f117e0c', 'APIDevText')
REPLACE INTO `access_group_filesets` (`hash_id`, `access_group_id`) VALUES ('3bb33f117e0c', 'APIDevAudio')
REPLACE INTO `access_group_filesets` (`hash_id`, `access_group_id`) VALUES ('3bb33f117e0c', 'MobileText')
REPLACE INTO `access_group_filesets` (`hash_id`, `access_group_id`) VALUES ('3bb33f117e0c', 'HubText')
REPLACE INTO `access_group_filesets` (`hash_id`, `access_group_id`) VALUES ('aa866a0cc718', 'DBPText')
REPLACE INTO `access_group_filesets` (`hash_id`, `access_group_id`) VALUES ('aa866a0cc718', 'DBPTextOT')
REPLACE INTO `access_group_filesets` (`hash_id`, `access_group_id`) VALUES ('aa866a0cc718', 'DBPAudio')
REPLACE INTO `access_group_filesets` (`hash_id`, `access_group_id`) VALUES ('aa866a0cc718', 'DBPMobile')
REPLACE INTO `access_group_filesets` (`hash_id`, `access_group_id`) VALUES ('aa866a0cc718', 'DBPWebHub')
REPLACE INTO `access_group_filesets` (`hash_id`, `access_group_id`) VALUES ('aa866a0cc718', 'Download')
REPLACE INTO `access_group_filesets` (`hash_id`, `access_group_id`) VALUES ('aa866a0cc718', 'Streaming')
REPLACE INTO `access_group_filesets` (`hash_id`, `access_group_id`) VALUES ('aa866a0cc718', 'ItunesPodcast')
REPLACE INTO `access_group_filesets` (`hash_id`, `access_group_id`) VALUES ('aa866a0cc718', 'APIDevText')
REPLACE INTO `access_group_filesets` (`hash_id`, `access_group_id`) VALUES ('aa866a0cc718', 'APIDevAudio')
REPLACE INTO `access_group_filesets` (`hash_id`, `access_group_id`) VALUES ('aa866a0cc718', 'MobileText')
REPLACE INTO `access_group_filesets` (`hash_id`, `access_group_id`) VALUES ('aa866a0cc718', 'HubText')
REPLACE INTO `access_group_filesets` (`hash_id`, `access_group_id`) VALUES ('cd521d795724', 'DBPText')
REPLACE INTO `access_group_filesets` (`hash_id`, `access_group_id`) VALUES ('cd521d795724', 'DBPTextOT')
REPLACE INTO `access_group_filesets` (`hash_id`, `access_group_id`) VALUES ('cd521d795724', 'DBPAudio')
REPLACE INTO `access_group_filesets` (`hash_id`, `access_group_id`) VALUES ('cd521d795724', 'DBPMobile')
REPLACE INTO `access_group_filesets` (`hash_id`, `access_group_id`) VALUES ('cd521d795724', 'DBPWebHub')
REPLACE INTO `access_group_filesets` (`hash_id`, `access_group_id`) VALUES ('cd521d795724', 'Download')
REPLACE INTO `access_group_filesets` (`hash_id`, `access_group_id`) VALUES ('cd521d795724', 'Streaming')
REPLACE INTO `access_group_filesets` (`hash_id`, `access_group_id`) VALUES ('cd521d795724', 'ItunesPodcast')
REPLACE INTO `access_group_filesets` (`hash_id`, `access_group_id`) VALUES ('cd521d795724', 'APIDevText')
REPLACE INTO `access_group_filesets` (`hash_id`, `access_group_id`) VALUES ('cd521d795724', 'APIDevAudio')
REPLACE INTO `access_group_filesets` (`hash_id`, `access_group_id`) VALUES ('cd521d795724', 'MobileText')
REPLACE INTO `access_group_filesets` (`hash_id`, `access_group_id`) VALUES ('cd521d795724', 'HubText')
REPLACE INTO `access_group_filesets` (`hash_id`, `access_group_id`) VALUES ('11b2aad7694c', 'DBPText')
REPLACE INTO `access_group_filesets` (`hash_id`, `access_group_id`) VALUES ('11b2aad7694c', 'DBPTextOT')
REPLACE INTO `access_group_filesets` (`hash_id`, `access_group_id`) VALUES ('11b2aad7694c', 'DBPAudio')
REPLACE INTO `access_group_filesets` (`hash_id`, `access_group_id`) VALUES ('11b2aad7694c', 'DBPMobile')
REPLACE INTO `access_group_filesets` (`hash_id`, `access_group_id`) VALUES ('11b2aad7694c', 'DBPWebHub')
REPLACE INTO `access_group_filesets` (`hash_id`, `access_group_id`) VALUES ('11b2aad7694c', 'Download')
REPLACE INTO `access_group_filesets` (`hash_id`, `access_group_id`) VALUES ('11b2aad7694c', 'Streaming')
REPLACE INTO `access_group_filesets` (`hash_id`, `access_group_id`) VALUES ('11b2aad7694c', 'ItunesPodcast')
REPLACE INTO `access_group_filesets` (`hash_id`, `access_group_id`) VALUES ('11b2aad7694c', 'APIDevText')
REPLACE INTO `access_group_filesets` (`hash_id`, `access_group_id`) VALUES ('11b2aad7694c', 'APIDevAudio')
REPLACE INTO `access_group_filesets` (`hash_id`, `access_group_id`) VALUES ('11b2aad7694c', 'MobileText')
REPLACE INTO `access_group_filesets` (`hash_id`, `access_group_id`) VALUES ('11b2aad7694c', 'HubText')
REPLACE INTO `bibles` (`id`, `language_id`, `versification`, `numeral_system_id`, `script`) VALUES ('ACCIBS', 'acr', 'protestant', 'western-arabic', 'Latin')
REPLACE INTO `bible_filesets` (`id`, `set_type_code`, `hash_id`, `asset_id`, `set_size_code`) VALUES ('ACCIBSN1DA', 'audio', 'b7395d05bcf5', 'dbp-prod', 'P')
REPLACE INTO `bible_filesets` (`id`, `set_type_code`, `hash_id`, `asset_id`, `set_size_code`) VALUES ('ACCIBSN1ET', 'text_format', '9b89fe850284', 'dbp-prod', 'P')
REPLACE INTO `bible_fileset_connections` (`hash_id`, `bible_id`) VALUES ('b7395d05bcf5', 'ACCIBS')
REPLACE INTO `bible_fileset_connections` (`hash_id`, `bible_id`) VALUES ('9b89fe850284', 'ACCIBS')
REPLACE INTO `bible_fileset_copyrights` (`hash_id`, `copyright`, `copyright_description`) VALUES ('b7395d05bcf5', 'Text: © 1992 Wycliffe Bible Translators, Inc.
Audio: ℗ Producciones Cristianas Viña 1993', 'Text: © 1992 Wycliffe Bible Translators, Inc.
Audio: ℗ Producciones Cristianas Viña 1993')
REPLACE INTO `bible_fileset_copyrights` (`hash_id`, `copyright`, `copyright_description`) VALUES ('9b89fe850284', '© 1992 Wycliffe Bible Translators, Inc.', '© 1992 Wycliffe Bible Translators, Inc.')
REPLACE INTO `bible_fileset_copyright_organizations` (`hash_id`, `organization_id`, `organization_role`) VALUES ('b7395d05bcf5', null, '1')
REPLACE INTO `bible_fileset_copyright_organizations` (`hash_id`, `organization_id`, `organization_role`) VALUES ('9b89fe850284', null, '1')
REPLACE INTO `bible_fileset_tags` (`hash_id`, `name`, `description`, `admin_only`, `iso`, `language_id`) VALUES ('b7395d05bcf5', 'sku', 'N1ACC/IBS', '0', 'eng', '6414')
REPLACE INTO `bible_fileset_tags` (`hash_id`, `name`, `description`, `admin_only`, `iso`, `language_id`) VALUES ('b7395d05bcf5', 'volume', '1992 Edition', '0', 'eng', '6414')
REPLACE INTO `bible_fileset_tags` (`hash_id`, `name`, `description`, `admin_only`, `iso`, `language_id`) VALUES ('b7395d05bcf5', 'bitrate', '64kbps', '0', 'eng', '6414')
REPLACE INTO `bible_fileset_tags` (`hash_id`, `name`, `description`, `admin_only`, `iso`, `language_id`) VALUES ('9b89fe850284', 'sku', 'N1ACC/IBS', '0', 'eng', '6414')
REPLACE INTO `bible_fileset_tags` (`hash_id`, `name`, `description`, `admin_only`, `iso`, `language_id`) VALUES ('9b89fe850284', 'volume', '1992 Edition', '0', 'eng', '6414')
REPLACE INTO `access_group_filesets` (`hash_id`, `access_group_id`) VALUES ('b7395d05bcf5', 'DBPText')
REPLACE INTO `access_group_filesets` (`hash_id`, `access_group_id`) VALUES ('b7395d05bcf5', 'DBPAudio')
REPLACE INTO `access_group_filesets` (`hash_id`, `access_group_id`) VALUES ('b7395d05bcf5', 'DBPMobile')
REPLACE INTO `access_group_filesets` (`hash_id`, `access_group_id`) VALUES ('b7395d05bcf5', 'DBPWebHub')
REPLACE INTO `access_group_filesets` (`hash_id`, `access_group_id`) VALUES ('b7395d05bcf5', 'Download')
REPLACE INTO `access_group_filesets` (`hash_id`, `access_group_id`) VALUES ('b7395d05bcf5', 'Streaming')
REPLACE INTO `access_group_filesets` (`hash_id`, `access_group_id`) VALUES ('b7395d05bcf5', 'ItunesPodcast')
REPLACE INTO `access_group_filesets` (`hash_id`, `access_group_id`) VALUES ('b7395d05bcf5', 'APIDevText')
REPLACE INTO `access_group_filesets` (`hash_id`, `access_group_id`) VALUES ('b7395d05bcf5', 'APIDevAudio')
REPLACE INTO `access_group_filesets` (`hash_id`, `access_group_id`) VALUES ('b7395d05bcf5', 'MobileText')
REPLACE INTO `access_group_filesets` (`hash_id`, `access_group_id`) VALUES ('b7395d05bcf5', 'HubText')
REPLACE INTO `access_group_filesets` (`hash_id`, `access_group_id`) VALUES ('b7395d05bcf5', 'WebHubVideo')
REPLACE INTO `access_group_filesets` (`hash_id`, `access_group_id`) VALUES ('b7395d05bcf5', 'APIDevVideo')
REPLACE INTO `access_group_filesets` (`hash_id`, `access_group_id`) VALUES ('9b89fe850284', 'DBPText')
REPLACE INTO `access_group_filesets` (`hash_id`, `access_group_id`) VALUES ('9b89fe850284', 'DBPAudio')
REPLACE INTO `access_group_filesets` (`hash_id`, `access_group_id`) VALUES ('9b89fe850284', 'DBPMobile')
REPLACE INTO `access_group_filesets` (`hash_id`, `access_group_id`) VALUES ('9b89fe850284', 'DBPWebHub')
REPLACE INTO `access_group_filesets` (`hash_id`, `access_group_id`) VALUES ('9b89fe850284', 'Download')
REPLACE INTO `access_group_filesets` (`hash_id`, `access_group_id`) VALUES ('9b89fe850284', 'Streaming')
REPLACE INTO `access_group_filesets` (`hash_id`, `access_group_id`) VALUES ('9b89fe850284', 'ItunesPodcast')
REPLACE INTO `access_group_filesets` (`hash_id`, `access_group_id`) VALUES ('9b89fe850284', 'APIDevText')
REPLACE INTO `access_group_filesets` (`hash_id`, `access_group_id`) VALUES ('9b89fe850284', 'APIDevAudio')
REPLACE INTO `access_group_filesets` (`hash_id`, `access_group_id`) VALUES ('9b89fe850284', 'MobileText')
REPLACE INTO `access_group_filesets` (`hash_id`, `access_group_id`) VALUES ('9b89fe850284', 'HubText')
REPLACE INTO `access_group_filesets` (`hash_id`, `access_group_id`) VALUES ('9b89fe850284', 'WebHubVideo')
REPLACE INTO `access_group_filesets` (`hash_id`, `access_group_id`) VALUES ('9b89fe850284', 'APIDevVideo')
REPLACE INTO `bibles` (`id`, `language_id`, `versification`, `numeral_system_id`, `script`) VALUES ('#N/A', 'acr', 'protestant', 'western-arabic', null)
