REPLACE INTO `bibles` (`id`, `language_id`, `versification`, `numeral_system_id`, `script`) VALUES (null, 'knw', 'protestant', 'western-arabic', null)
REPLACE INTO `bible_translations` (`language_id`, `bible_id`, `name`) VALUES ('6414', null, null)
REPLACE INTO `bibles` (`id`, `language_id`, `versification`, `numeral_system_id`, `script`) VALUES ('KUDBTA', 'kud', 'protestant', 'western-arabic', 'Latin')
REPLACE INTO `bible_translations` (`language_id`, `bible_id`, `name`) VALUES ('6414', 'KUDBTA', '2008 Edition')
REPLACE INTO `bible_filesets` (`id`, `set_type_code`, `hash_id`, `asset_id`, `set_size_code`) VALUES ('KUDBTAN2ET', 'text_format', '504a34c0e212', 'dbp-prod', 'P')
REPLACE INTO `bible_fileset_connections` (`hash_id`, `bible_id`) VALUES ('504a34c0e212', 'KUDBTA')
REPLACE INTO `bible_fileset_copyrights` (`hash_id`, `copyright`, `copyright_description`) VALUES ('504a34c0e212', '© 2014, Wycliffe Bible Translators, Inc. All rights reserved.', '© 2014, Wycliffe Bible Translators, Inc. All rights reserved.')
REPLACE INTO `bible_fileset_copyright_organizations` (`hash_id`, `organization_id`, `organization_role`) VALUES ('504a34c0e212', null, '1')
REPLACE INTO `bible_fileset_tags` (`hash_id`, `name`, `description`, `admin_only`, `iso`, `language_id`) VALUES ('504a34c0e212', 'sku', 'N2KUD/BTA', '0', 'eng', '6414')
REPLACE INTO `bible_fileset_tags` (`hash_id`, `name`, `description`, `admin_only`, `iso`, `language_id`) VALUES ('504a34c0e212', 'volume', '2008 Edition', '0', 'eng', '6414')
REPLACE INTO `access_group_filesets` (`hash_id`, `access_group_id`) VALUES ('504a34c0e212', 'DBPText')
REPLACE INTO `access_group_filesets` (`hash_id`, `access_group_id`) VALUES ('504a34c0e212', 'DBPAudio')
REPLACE INTO `access_group_filesets` (`hash_id`, `access_group_id`) VALUES ('504a34c0e212', 'DBPMobile')
REPLACE INTO `access_group_filesets` (`hash_id`, `access_group_id`) VALUES ('504a34c0e212', 'DBPWebHub')
REPLACE INTO `access_group_filesets` (`hash_id`, `access_group_id`) VALUES ('504a34c0e212', 'Download')
REPLACE INTO `access_group_filesets` (`hash_id`, `access_group_id`) VALUES ('504a34c0e212', 'Streaming')
REPLACE INTO `access_group_filesets` (`hash_id`, `access_group_id`) VALUES ('504a34c0e212', 'ItunesPodcast')
REPLACE INTO `access_group_filesets` (`hash_id`, `access_group_id`) VALUES ('504a34c0e212', 'APIDevText')
REPLACE INTO `access_group_filesets` (`hash_id`, `access_group_id`) VALUES ('504a34c0e212', 'APIDevAudio')
REPLACE INTO `access_group_filesets` (`hash_id`, `access_group_id`) VALUES ('504a34c0e212', 'MobileText')
REPLACE INTO `access_group_filesets` (`hash_id`, `access_group_id`) VALUES ('504a34c0e212', 'HubText')
REPLACE INTO `bibles` (`id`, `language_id`, `versification`, `numeral_system_id`, `script`) VALUES ('AIWDPI', 'aiw', 'protestant', 'western-arabic', null)
REPLACE INTO `bible_translations` (`language_id`, `bible_id`, `name`) VALUES ('6414', 'AIWDPI', '2015 Edition')
REPLACE INTO `bible_filesets` (`id`, `set_type_code`, `hash_id`, `asset_id`, `set_size_code`) VALUES ('AIWDPIN1DA', 'audio', 'b25e19147e5d', 'dbp-prod', 'P')
REPLACE INTO `bible_filesets` (`id`, `set_type_code`, `hash_id`, `asset_id`, `set_size_code`) VALUES ('AIWDPIC1DA', 'audio', '33ce29900f9f', 'dbp-prod', 'P')
REPLACE INTO `bible_fileset_connections` (`hash_id`, `bible_id`) VALUES ('b25e19147e5d', 'AIWDPI')
REPLACE INTO `bible_fileset_connections` (`hash_id`, `bible_id`) VALUES ('33ce29900f9f', 'AIWDPI')
REPLACE INTO `bible_fileset_copyrights` (`hash_id`, `copyright`, `copyright_description`) VALUES ('b25e19147e5d', 'Text: © The Word for the World, 2015
Audio: ℗ Davar Partners International, 2016', 'Text: © The Word for the World, 2015
Audio: ℗ Davar Partners International, 2016')
REPLACE INTO `bible_fileset_copyrights` (`hash_id`, `copyright`, `copyright_description`) VALUES ('33ce29900f9f', 'Text: © The Word for the World, 2015
Audio: ℗ Davar Partners International, 2016', 'Text: © The Word for the World, 2015
Audio: ℗ Davar Partners International, 2016')
REPLACE INTO `bible_fileset_copyright_organizations` (`hash_id`, `organization_id`, `organization_role`) VALUES ('b25e19147e5d', null, '1')
REPLACE INTO `bible_fileset_copyright_organizations` (`hash_id`, `organization_id`, `organization_role`) VALUES ('33ce29900f9f', null, '1')
REPLACE INTO `bible_fileset_tags` (`hash_id`, `name`, `description`, `admin_only`, `iso`, `language_id`) VALUES ('b25e19147e5d', 'sku', 'N1AIW/DPI', '0', 'eng', '6414')
REPLACE INTO `bible_fileset_tags` (`hash_id`, `name`, `description`, `admin_only`, `iso`, `language_id`) VALUES ('b25e19147e5d', 'volume', '2015 Edition', '0', 'eng', '6414')
REPLACE INTO `bible_fileset_tags` (`hash_id`, `name`, `description`, `admin_only`, `iso`, `language_id`) VALUES ('b25e19147e5d', 'bitrate', '64kbps', '0', 'eng', '6414')
REPLACE INTO `bible_fileset_tags` (`hash_id`, `name`, `description`, `admin_only`, `iso`, `language_id`) VALUES ('33ce29900f9f', 'sku', 'N1AIW/DPI', '0', 'eng', '6414')
REPLACE INTO `bible_fileset_tags` (`hash_id`, `name`, `description`, `admin_only`, `iso`, `language_id`) VALUES ('33ce29900f9f', 'volume', '2015 Edition', '0', 'eng', '6414')
REPLACE INTO `bible_fileset_tags` (`hash_id`, `name`, `description`, `admin_only`, `iso`, `language_id`) VALUES ('33ce29900f9f', 'bitrate', '64kbps', '0', 'eng', '6414')
REPLACE INTO `access_group_filesets` (`hash_id`, `access_group_id`) VALUES ('b25e19147e5d', 'DBPText')
REPLACE INTO `access_group_filesets` (`hash_id`, `access_group_id`) VALUES ('b25e19147e5d', 'DBPTextOT')
REPLACE INTO `access_group_filesets` (`hash_id`, `access_group_id`) VALUES ('b25e19147e5d', 'DBPAudio')
REPLACE INTO `access_group_filesets` (`hash_id`, `access_group_id`) VALUES ('b25e19147e5d', 'DBPMobile')
REPLACE INTO `access_group_filesets` (`hash_id`, `access_group_id`) VALUES ('b25e19147e5d', 'DBPWebHub')
REPLACE INTO `access_group_filesets` (`hash_id`, `access_group_id`) VALUES ('b25e19147e5d', 'Streaming')
REPLACE INTO `access_group_filesets` (`hash_id`, `access_group_id`) VALUES ('b25e19147e5d', 'ItunesPodcast')
REPLACE INTO `access_group_filesets` (`hash_id`, `access_group_id`) VALUES ('b25e19147e5d', 'APIDevText')
REPLACE INTO `access_group_filesets` (`hash_id`, `access_group_id`) VALUES ('b25e19147e5d', 'MobileText')
REPLACE INTO `access_group_filesets` (`hash_id`, `access_group_id`) VALUES ('b25e19147e5d', 'HubText')
REPLACE INTO `access_group_filesets` (`hash_id`, `access_group_id`) VALUES ('b25e19147e5d', 'WebHubVideo')
REPLACE INTO `access_group_filesets` (`hash_id`, `access_group_id`) VALUES ('b25e19147e5d', 'APIDevVideo')
REPLACE INTO `access_group_filesets` (`hash_id`, `access_group_id`) VALUES ('33ce29900f9f', 'DBPText')
REPLACE INTO `access_group_filesets` (`hash_id`, `access_group_id`) VALUES ('33ce29900f9f', 'DBPTextOT')
REPLACE INTO `access_group_filesets` (`hash_id`, `access_group_id`) VALUES ('33ce29900f9f', 'DBPAudio')
REPLACE INTO `access_group_filesets` (`hash_id`, `access_group_id`) VALUES ('33ce29900f9f', 'DBPMobile')
REPLACE INTO `access_group_filesets` (`hash_id`, `access_group_id`) VALUES ('33ce29900f9f', 'DBPWebHub')
REPLACE INTO `access_group_filesets` (`hash_id`, `access_group_id`) VALUES ('33ce29900f9f', 'Streaming')
REPLACE INTO `access_group_filesets` (`hash_id`, `access_group_id`) VALUES ('33ce29900f9f', 'ItunesPodcast')
REPLACE INTO `access_group_filesets` (`hash_id`, `access_group_id`) VALUES ('33ce29900f9f', 'APIDevText')
REPLACE INTO `access_group_filesets` (`hash_id`, `access_group_id`) VALUES ('33ce29900f9f', 'MobileText')
REPLACE INTO `access_group_filesets` (`hash_id`, `access_group_id`) VALUES ('33ce29900f9f', 'HubText')
REPLACE INTO `access_group_filesets` (`hash_id`, `access_group_id`) VALUES ('33ce29900f9f', 'WebHubVideo')
REPLACE INTO `access_group_filesets` (`hash_id`, `access_group_id`) VALUES ('33ce29900f9f', 'APIDevVideo')
REPLACE INTO `bibles` (`id`, `language_id`, `versification`, `numeral_system_id`, `script`) VALUES ('AIWDPI', 'aiw', 'protestant', 'western-arabic', null)
REPLACE INTO `bible_translations` (`language_id`, `bible_id`, `name`) VALUES ('6414', 'AIWDPI', '2015 Edition')
REPLACE INTO `bible_filesets` (`id`, `set_type_code`, `hash_id`, `asset_id`, `set_size_code`) VALUES ('AIWDPIO1DA', 'audio', '850b0d1ce298', 'dbp-prod', 'P')
REPLACE INTO `bible_fileset_connections` (`hash_id`, `bible_id`) VALUES ('850b0d1ce298', 'AIWDPI')
REPLACE INTO `bible_fileset_copyrights` (`hash_id`, `copyright`, `copyright_description`) VALUES ('850b0d1ce298', 'Text: © The Word for the World, 2015
Audio: ℗ Davar Partners International, 2016', 'Text: © The Word for the World, 2015
Audio: ℗ Davar Partners International, 2016')
REPLACE INTO `bible_fileset_copyright_organizations` (`hash_id`, `organization_id`, `organization_role`) VALUES ('850b0d1ce298', null, '1')
REPLACE INTO `bible_fileset_tags` (`hash_id`, `name`, `description`, `admin_only`, `iso`, `language_id`) VALUES ('850b0d1ce298', 'sku', 'O1AIW/DPI', '0', 'eng', '6414')
REPLACE INTO `bible_fileset_tags` (`hash_id`, `name`, `description`, `admin_only`, `iso`, `language_id`) VALUES ('850b0d1ce298', 'volume', '2015 Edition', '0', 'eng', '6414')
REPLACE INTO `bible_fileset_tags` (`hash_id`, `name`, `description`, `admin_only`, `iso`, `language_id`) VALUES ('850b0d1ce298', 'bitrate', '64kbps', '0', 'eng', '6414')
REPLACE INTO `access_group_filesets` (`hash_id`, `access_group_id`) VALUES ('850b0d1ce298', 'DBPText')
REPLACE INTO `access_group_filesets` (`hash_id`, `access_group_id`) VALUES ('850b0d1ce298', 'DBPTextOT')
REPLACE INTO `access_group_filesets` (`hash_id`, `access_group_id`) VALUES ('850b0d1ce298', 'DBPAudio')
REPLACE INTO `access_group_filesets` (`hash_id`, `access_group_id`) VALUES ('850b0d1ce298', 'DBPMobile')
REPLACE INTO `access_group_filesets` (`hash_id`, `access_group_id`) VALUES ('850b0d1ce298', 'DBPWebHub')
REPLACE INTO `access_group_filesets` (`hash_id`, `access_group_id`) VALUES ('850b0d1ce298', 'Streaming')
REPLACE INTO `access_group_filesets` (`hash_id`, `access_group_id`) VALUES ('850b0d1ce298', 'ItunesPodcast')
REPLACE INTO `access_group_filesets` (`hash_id`, `access_group_id`) VALUES ('850b0d1ce298', 'APIDevText')
REPLACE INTO `access_group_filesets` (`hash_id`, `access_group_id`) VALUES ('850b0d1ce298', 'MobileText')
REPLACE INTO `access_group_filesets` (`hash_id`, `access_group_id`) VALUES ('850b0d1ce298', 'HubText')
REPLACE INTO `bibles` (`id`, `language_id`, `versification`, `numeral_system_id`, `script`) VALUES (null, 'BCN', 'protestant', 'western-arabic', null)
REPLACE INTO `bible_translations` (`language_id`, `bible_id`, `name`) VALUES ('6414', null, null)
REPLACE INTO `bibles` (`id`, `language_id`, `versification`, `numeral_system_id`, `script`) VALUES ('AAUWBT', 'aau', 'protestant', 'western-arabic', 'Latin (PNG)')
REPLACE INTO `bible_translations` (`language_id`, `bible_id`, `name`) VALUES ('6414', 'AAUWBT', '2006 Edition')
REPLACE INTO `bible_filesets` (`id`, `set_type_code`, `hash_id`, `asset_id`, `set_size_code`) VALUES ('AAUWBTN2ET', 'text_format', 'f9181b04cb36', 'dbp-prod', 'P')
REPLACE INTO `bible_fileset_connections` (`hash_id`, `bible_id`) VALUES ('f9181b04cb36', 'AAUWBT')
REPLACE INTO `bible_fileset_copyrights` (`hash_id`, `copyright`, `copyright_description`) VALUES ('f9181b04cb36', '© 2006 Wycliffe Bible Translators, Inc.', '© 2006 Wycliffe Bible Translators, Inc.')
REPLACE INTO `bible_fileset_copyright_organizations` (`hash_id`, `organization_id`, `organization_role`) VALUES ('f9181b04cb36', null, '1')
REPLACE INTO `bible_fileset_tags` (`hash_id`, `name`, `description`, `admin_only`, `iso`, `language_id`) VALUES ('f9181b04cb36', 'sku', 'N2AAU/WBT', '0', 'eng', '6414')
REPLACE INTO `bible_fileset_tags` (`hash_id`, `name`, `description`, `admin_only`, `iso`, `language_id`) VALUES ('f9181b04cb36', 'volume', '2006 Edition', '0', 'eng', '6414')
REPLACE INTO `access_group_filesets` (`hash_id`, `access_group_id`) VALUES ('f9181b04cb36', 'DBPText')
REPLACE INTO `access_group_filesets` (`hash_id`, `access_group_id`) VALUES ('f9181b04cb36', 'DBPAudio')
REPLACE INTO `access_group_filesets` (`hash_id`, `access_group_id`) VALUES ('f9181b04cb36', 'DBPMobile')
REPLACE INTO `access_group_filesets` (`hash_id`, `access_group_id`) VALUES ('f9181b04cb36', 'DBPWebHub')
REPLACE INTO `access_group_filesets` (`hash_id`, `access_group_id`) VALUES ('f9181b04cb36', 'Download')
REPLACE INTO `access_group_filesets` (`hash_id`, `access_group_id`) VALUES ('f9181b04cb36', 'Streaming')
REPLACE INTO `access_group_filesets` (`hash_id`, `access_group_id`) VALUES ('f9181b04cb36', 'ItunesPodcast')
REPLACE INTO `access_group_filesets` (`hash_id`, `access_group_id`) VALUES ('f9181b04cb36', 'APIDevText')
REPLACE INTO `access_group_filesets` (`hash_id`, `access_group_id`) VALUES ('f9181b04cb36', 'APIDevAudio')
REPLACE INTO `access_group_filesets` (`hash_id`, `access_group_id`) VALUES ('f9181b04cb36', 'MobileText')
REPLACE INTO `access_group_filesets` (`hash_id`, `access_group_id`) VALUES ('f9181b04cb36', 'HubText')
REPLACE INTO `bibles` (`id`, `language_id`, `versification`, `numeral_system_id`, `script`) VALUES (null, 'abq', 'protestant', 'western-arabic', null)
REPLACE INTO `bible_translations` (`language_id`, `bible_id`, `name`) VALUES ('6414', null, 'IBTR - SILB Version')
REPLACE INTO `bibles` (`id`, `language_id`, `versification`, `numeral_system_id`, `script`) VALUES ('ABIWBT', 'abi', 'protestant', 'western-arabic', 'Latin (African)')
REPLACE INTO `bible_translations` (`language_id`, `bible_id`, `name`) VALUES ('6414', 'ABIWBT', '2001 Edition')
REPLACE INTO `bible_filesets` (`id`, `set_type_code`, `hash_id`, `asset_id`, `set_size_code`) VALUES ('ABIWBTN2DA', 'audio_drama', '1e7a586aa6ed', 'dbp-prod', 'P')
REPLACE INTO `bible_filesets` (`id`, `set_type_code`, `hash_id`, `asset_id`, `set_size_code`) VALUES ('ABIWBTN1DA', 'audio', '78a85aff0fd6', 'dbp-prod', 'P')
REPLACE INTO `bible_filesets` (`id`, `set_type_code`, `hash_id`, `asset_id`, `set_size_code`) VALUES ('ABIWBTN2ET', 'text_format', 'ab22946d7743', 'dbp-prod', 'P')
REPLACE INTO `bible_filesets` (`id`, `set_type_code`, `hash_id`, `asset_id`, `set_size_code`) VALUES ('ABIWBTN1ET', 'text_format', '77d8ae26e292', 'dbp-prod', 'P')
REPLACE INTO `bible_filesets` (`id`, `set_type_code`, `hash_id`, `asset_id`, `set_size_code`) VALUES ('ABIWBTP2DV', 'text_format', 'b9ed33d3634f', 'dbp-prod', 'P')
REPLACE INTO `bible_fileset_connections` (`hash_id`, `bible_id`) VALUES ('1e7a586aa6ed', 'ABIWBT')
REPLACE INTO `bible_fileset_connections` (`hash_id`, `bible_id`) VALUES ('78a85aff0fd6', 'ABIWBT')
REPLACE INTO `bible_fileset_connections` (`hash_id`, `bible_id`) VALUES ('ab22946d7743', 'ABIWBT')
REPLACE INTO `bible_fileset_connections` (`hash_id`, `bible_id`) VALUES ('77d8ae26e292', 'ABIWBT')
REPLACE INTO `bible_fileset_connections` (`hash_id`, `bible_id`) VALUES ('b9ed33d3634f', 'ABIWBT')
REPLACE INTO `bible_fileset_copyrights` (`hash_id`, `copyright`, `copyright_description`) VALUES ('1e7a586aa6ed', 'Text: © 2001 Wycliffe Bible Translators, Inc.
Audio: ℗ 2018 Hosanna', 'Text: © 2001 Wycliffe Bible Translators, Inc.
Audio: ℗ 2018 Hosanna')
REPLACE INTO `bible_fileset_copyrights` (`hash_id`, `copyright`, `copyright_description`) VALUES ('78a85aff0fd6', 'Text: © 2001 Wycliffe Bible Translators, Inc.
Audio: ℗ 2018 Hosanna', 'Text: © 2001 Wycliffe Bible Translators, Inc.
Audio: ℗ 2018 Hosanna')
REPLACE INTO `bible_fileset_copyrights` (`hash_id`, `copyright`, `copyright_description`) VALUES ('ab22946d7743', '© 2001 Wycliffe Bible Translators, Inc.', '© 2001 Wycliffe Bible Translators, Inc.')
REPLACE INTO `bible_fileset_copyrights` (`hash_id`, `copyright`, `copyright_description`) VALUES ('77d8ae26e292', '© 2001 Wycliffe Bible Translators, Inc.', '© 2001 Wycliffe Bible Translators, Inc.')
REPLACE INTO `bible_fileset_copyrights` (`hash_id`, `copyright`, `copyright_description`) VALUES ('b9ed33d3634f', '© 2001 Wycliffe Bible Translators, Inc.', '© 2001 Wycliffe Bible Translators, Inc.')
REPLACE INTO `bible_fileset_copyright_organizations` (`hash_id`, `organization_id`, `organization_role`) VALUES ('1e7a586aa6ed', '9', '1')
REPLACE INTO `bible_fileset_copyright_organizations` (`hash_id`, `organization_id`, `organization_role`) VALUES ('78a85aff0fd6', '9', '1')
REPLACE INTO `bible_fileset_copyright_organizations` (`hash_id`, `organization_id`, `organization_role`) VALUES ('ab22946d7743', null, '1')
REPLACE INTO `bible_fileset_copyright_organizations` (`hash_id`, `organization_id`, `organization_role`) VALUES ('77d8ae26e292', null, '1')
REPLACE INTO `bible_fileset_copyright_organizations` (`hash_id`, `organization_id`, `organization_role`) VALUES ('b9ed33d3634f', null, '1')
REPLACE INTO `bible_fileset_tags` (`hash_id`, `name`, `description`, `admin_only`, `iso`, `language_id`) VALUES ('1e7a586aa6ed', 'sku', 'N2ABI/WBT', '0', 'eng', '6414')
REPLACE INTO `bible_fileset_tags` (`hash_id`, `name`, `description`, `admin_only`, `iso`, `language_id`) VALUES ('1e7a586aa6ed', 'volume', '2001 Edition', '0', 'eng', '6414')
REPLACE INTO `bible_fileset_tags` (`hash_id`, `name`, `description`, `admin_only`, `iso`, `language_id`) VALUES ('1e7a586aa6ed', 'bitrate', '64kbps', '0', 'eng', '6414')
REPLACE INTO `bible_fileset_tags` (`hash_id`, `name`, `description`, `admin_only`, `iso`, `language_id`) VALUES ('78a85aff0fd6', 'sku', 'N2ABI/WBT', '0', 'eng', '6414')
REPLACE INTO `bible_fileset_tags` (`hash_id`, `name`, `description`, `admin_only`, `iso`, `language_id`) VALUES ('78a85aff0fd6', 'volume', '2001 Edition', '0', 'eng', '6414')
REPLACE INTO `bible_fileset_tags` (`hash_id`, `name`, `description`, `admin_only`, `iso`, `language_id`) VALUES ('78a85aff0fd6', 'bitrate', '64kbps', '0', 'eng', '6414')
REPLACE INTO `bible_fileset_tags` (`hash_id`, `name`, `description`, `admin_only`, `iso`, `language_id`) VALUES ('ab22946d7743', 'sku', 'N2ABI/WBT', '0', 'eng', '6414')
REPLACE INTO `bible_fileset_tags` (`hash_id`, `name`, `description`, `admin_only`, `iso`, `language_id`) VALUES ('ab22946d7743', 'volume', '2001 Edition', '0', 'eng', '6414')
REPLACE INTO `bible_fileset_tags` (`hash_id`, `name`, `description`, `admin_only`, `iso`, `language_id`) VALUES ('77d8ae26e292', 'sku', 'N2ABI/WBT', '0', 'eng', '6414')
REPLACE INTO `bible_fileset_tags` (`hash_id`, `name`, `description`, `admin_only`, `iso`, `language_id`) VALUES ('77d8ae26e292', 'volume', '2001 Edition', '0', 'eng', '6414')
REPLACE INTO `bible_fileset_tags` (`hash_id`, `name`, `description`, `admin_only`, `iso`, `language_id`) VALUES ('b9ed33d3634f', 'sku', 'N2ABI/WBT', '0', 'eng', '6414')
REPLACE INTO `bible_fileset_tags` (`hash_id`, `name`, `description`, `admin_only`, `iso`, `language_id`) VALUES ('b9ed33d3634f', 'volume', '2001 Edition', '0', 'eng', '6414')
REPLACE INTO `access_group_filesets` (`hash_id`, `access_group_id`) VALUES ('1e7a586aa6ed', 'DBPText')
REPLACE INTO `access_group_filesets` (`hash_id`, `access_group_id`) VALUES ('1e7a586aa6ed', 'DBPAudio')
REPLACE INTO `access_group_filesets` (`hash_id`, `access_group_id`) VALUES ('1e7a586aa6ed', 'DBPMobile')
REPLACE INTO `access_group_filesets` (`hash_id`, `access_group_id`) VALUES ('1e7a586aa6ed', 'DBPWebHub')
REPLACE INTO `access_group_filesets` (`hash_id`, `access_group_id`) VALUES ('1e7a586aa6ed', 'Download')
REPLACE INTO `access_group_filesets` (`hash_id`, `access_group_id`) VALUES ('1e7a586aa6ed', 'Streaming')
REPLACE INTO `access_group_filesets` (`hash_id`, `access_group_id`) VALUES ('1e7a586aa6ed', 'ItunesPodcast')
REPLACE INTO `access_group_filesets` (`hash_id`, `access_group_id`) VALUES ('1e7a586aa6ed', 'APIDevText')
REPLACE INTO `access_group_filesets` (`hash_id`, `access_group_id`) VALUES ('1e7a586aa6ed', 'APIDevAudio')
REPLACE INTO `access_group_filesets` (`hash_id`, `access_group_id`) VALUES ('1e7a586aa6ed', 'MobileText')
REPLACE INTO `access_group_filesets` (`hash_id`, `access_group_id`) VALUES ('1e7a586aa6ed', 'HubText')
REPLACE INTO `access_group_filesets` (`hash_id`, `access_group_id`) VALUES ('1e7a586aa6ed', 'WebHubVideo')
REPLACE INTO `access_group_filesets` (`hash_id`, `access_group_id`) VALUES ('1e7a586aa6ed', 'APIDevVideo')
REPLACE INTO `access_group_filesets` (`hash_id`, `access_group_id`) VALUES ('78a85aff0fd6', 'DBPText')
REPLACE INTO `access_group_filesets` (`hash_id`, `access_group_id`) VALUES ('78a85aff0fd6', 'DBPAudio')
REPLACE INTO `access_group_filesets` (`hash_id`, `access_group_id`) VALUES ('78a85aff0fd6', 'DBPMobile')
REPLACE INTO `access_group_filesets` (`hash_id`, `access_group_id`) VALUES ('78a85aff0fd6', 'DBPWebHub')
REPLACE INTO `access_group_filesets` (`hash_id`, `access_group_id`) VALUES ('78a85aff0fd6', 'Download')
REPLACE INTO `access_group_filesets` (`hash_id`, `access_group_id`) VALUES ('78a85aff0fd6', 'Streaming')
REPLACE INTO `access_group_filesets` (`hash_id`, `access_group_id`) VALUES ('78a85aff0fd6', 'ItunesPodcast')
REPLACE INTO `access_group_filesets` (`hash_id`, `access_group_id`) VALUES ('78a85aff0fd6', 'APIDevText')
REPLACE INTO `access_group_filesets` (`hash_id`, `access_group_id`) VALUES ('78a85aff0fd6', 'APIDevAudio')
REPLACE INTO `access_group_filesets` (`hash_id`, `access_group_id`) VALUES ('78a85aff0fd6', 'MobileText')
REPLACE INTO `access_group_filesets` (`hash_id`, `access_group_id`) VALUES ('78a85aff0fd6', 'HubText')
REPLACE INTO `access_group_filesets` (`hash_id`, `access_group_id`) VALUES ('78a85aff0fd6', 'WebHubVideo')
REPLACE INTO `access_group_filesets` (`hash_id`, `access_group_id`) VALUES ('78a85aff0fd6', 'APIDevVideo')
REPLACE INTO `access_group_filesets` (`hash_id`, `access_group_id`) VALUES ('ab22946d7743', 'DBPText')
REPLACE INTO `access_group_filesets` (`hash_id`, `access_group_id`) VALUES ('ab22946d7743', 'DBPAudio')
REPLACE INTO `access_group_filesets` (`hash_id`, `access_group_id`) VALUES ('ab22946d7743', 'DBPMobile')
REPLACE INTO `access_group_filesets` (`hash_id`, `access_group_id`) VALUES ('ab22946d7743', 'DBPWebHub')
REPLACE INTO `access_group_filesets` (`hash_id`, `access_group_id`) VALUES ('ab22946d7743', 'Download')
REPLACE INTO `access_group_filesets` (`hash_id`, `access_group_id`) VALUES ('ab22946d7743', 'Streaming')
REPLACE INTO `access_group_filesets` (`hash_id`, `access_group_id`) VALUES ('ab22946d7743', 'ItunesPodcast')
REPLACE INTO `access_group_filesets` (`hash_id`, `access_group_id`) VALUES ('ab22946d7743', 'APIDevText')
REPLACE INTO `access_group_filesets` (`hash_id`, `access_group_id`) VALUES ('ab22946d7743', 'APIDevAudio')
REPLACE INTO `access_group_filesets` (`hash_id`, `access_group_id`) VALUES ('ab22946d7743', 'MobileText')
REPLACE INTO `access_group_filesets` (`hash_id`, `access_group_id`) VALUES ('ab22946d7743', 'HubText')
REPLACE INTO `access_group_filesets` (`hash_id`, `access_group_id`) VALUES ('ab22946d7743', 'WebHubVideo')
REPLACE INTO `access_group_filesets` (`hash_id`, `access_group_id`) VALUES ('ab22946d7743', 'APIDevVideo')
REPLACE INTO `access_group_filesets` (`hash_id`, `access_group_id`) VALUES ('77d8ae26e292', 'DBPText')
REPLACE INTO `access_group_filesets` (`hash_id`, `access_group_id`) VALUES ('77d8ae26e292', 'DBPAudio')
REPLACE INTO `access_group_filesets` (`hash_id`, `access_group_id`) VALUES ('77d8ae26e292', 'DBPMobile')
REPLACE INTO `access_group_filesets` (`hash_id`, `access_group_id`) VALUES ('77d8ae26e292', 'DBPWebHub')
REPLACE INTO `access_group_filesets` (`hash_id`, `access_group_id`) VALUES ('77d8ae26e292', 'Download')
REPLACE INTO `access_group_filesets` (`hash_id`, `access_group_id`) VALUES ('77d8ae26e292', 'Streaming')
REPLACE INTO `access_group_filesets` (`hash_id`, `access_group_id`) VALUES ('77d8ae26e292', 'ItunesPodcast')
REPLACE INTO `access_group_filesets` (`hash_id`, `access_group_id`) VALUES ('77d8ae26e292', 'APIDevText')
REPLACE INTO `access_group_filesets` (`hash_id`, `access_group_id`) VALUES ('77d8ae26e292', 'APIDevAudio')
REPLACE INTO `access_group_filesets` (`hash_id`, `access_group_id`) VALUES ('77d8ae26e292', 'MobileText')
REPLACE INTO `access_group_filesets` (`hash_id`, `access_group_id`) VALUES ('77d8ae26e292', 'HubText')
REPLACE INTO `access_group_filesets` (`hash_id`, `access_group_id`) VALUES ('77d8ae26e292', 'WebHubVideo')
REPLACE INTO `access_group_filesets` (`hash_id`, `access_group_id`) VALUES ('77d8ae26e292', 'APIDevVideo')
REPLACE INTO `access_group_filesets` (`hash_id`, `access_group_id`) VALUES ('b9ed33d3634f', 'DBPText')
REPLACE INTO `access_group_filesets` (`hash_id`, `access_group_id`) VALUES ('b9ed33d3634f', 'DBPAudio')
REPLACE INTO `access_group_filesets` (`hash_id`, `access_group_id`) VALUES ('b9ed33d3634f', 'DBPMobile')
REPLACE INTO `access_group_filesets` (`hash_id`, `access_group_id`) VALUES ('b9ed33d3634f', 'DBPWebHub')
REPLACE INTO `access_group_filesets` (`hash_id`, `access_group_id`) VALUES ('b9ed33d3634f', 'Download')
REPLACE INTO `access_group_filesets` (`hash_id`, `access_group_id`) VALUES ('b9ed33d3634f', 'Streaming')
REPLACE INTO `access_group_filesets` (`hash_id`, `access_group_id`) VALUES ('b9ed33d3634f', 'ItunesPodcast')
REPLACE INTO `access_group_filesets` (`hash_id`, `access_group_id`) VALUES ('b9ed33d3634f', 'APIDevText')
REPLACE INTO `access_group_filesets` (`hash_id`, `access_group_id`) VALUES ('b9ed33d3634f', 'APIDevAudio')
REPLACE INTO `access_group_filesets` (`hash_id`, `access_group_id`) VALUES ('b9ed33d3634f', 'MobileText')
REPLACE INTO `access_group_filesets` (`hash_id`, `access_group_id`) VALUES ('b9ed33d3634f', 'HubText')
REPLACE INTO `access_group_filesets` (`hash_id`, `access_group_id`) VALUES ('b9ed33d3634f', 'WebHubVideo')
REPLACE INTO `access_group_filesets` (`hash_id`, `access_group_id`) VALUES ('b9ed33d3634f', 'APIDevVideo')
REPLACE INTO `bibles` (`id`, `language_id`, `versification`, `numeral_system_id`, `script`) VALUES (null, 'abk', 'protestant', 'western-arabic', null)
REPLACE INTO `bible_translations` (`language_id`, `bible_id`, `name`) VALUES ('6414', null, '2004 Edition')
REPLACE INTO `bibles` (`id`, `language_id`, `versification`, `numeral_system_id`, `script`) VALUES ('KGRLAI', 'kgr', 'protestant', 'western-arabic', 'Latin')
REPLACE INTO `bible_translations` (`language_id`, `bible_id`, `name`) VALUES ('6414', 'KGRLAI', '2004 Edition')
REPLACE INTO `bible_filesets` (`id`, `set_type_code`, `hash_id`, `asset_id`, `set_size_code`) VALUES ('KGRLAIN2ET', 'text_format', '4dcb06d424df', 'dbp-prod', 'P')
REPLACE INTO `bible_fileset_connections` (`hash_id`, `bible_id`) VALUES ('4dcb06d424df', 'KGRLAI')
REPLACE INTO `bible_fileset_copyrights` (`hash_id`, `copyright`, `copyright_description`) VALUES ('4dcb06d424df', '© 2004 LAI', '© 2004 LAI')
REPLACE INTO `bible_fileset_copyright_organizations` (`hash_id`, `organization_id`, `organization_role`) VALUES ('4dcb06d424df', null, '1')
REPLACE INTO `bible_fileset_tags` (`hash_id`, `name`, `description`, `admin_only`, `iso`, `language_id`) VALUES ('4dcb06d424df', 'sku', 'N2KGR/LAI', '0', 'eng', '6414')
REPLACE INTO `bible_fileset_tags` (`hash_id`, `name`, `description`, `admin_only`, `iso`, `language_id`) VALUES ('4dcb06d424df', 'volume', '2004 Edition', '0', 'eng', '6414')
REPLACE INTO `access_group_filesets` (`hash_id`, `access_group_id`) VALUES ('4dcb06d424df', 'DBPText')
REPLACE INTO `access_group_filesets` (`hash_id`, `access_group_id`) VALUES ('4dcb06d424df', 'DBPAudio')
REPLACE INTO `access_group_filesets` (`hash_id`, `access_group_id`) VALUES ('4dcb06d424df', 'DBPMobile')
REPLACE INTO `access_group_filesets` (`hash_id`, `access_group_id`) VALUES ('4dcb06d424df', 'DBPWebHub')
REPLACE INTO `access_group_filesets` (`hash_id`, `access_group_id`) VALUES ('4dcb06d424df', 'Download')
REPLACE INTO `access_group_filesets` (`hash_id`, `access_group_id`) VALUES ('4dcb06d424df', 'Streaming')
REPLACE INTO `access_group_filesets` (`hash_id`, `access_group_id`) VALUES ('4dcb06d424df', 'ItunesPodcast')
REPLACE INTO `access_group_filesets` (`hash_id`, `access_group_id`) VALUES ('4dcb06d424df', 'APIDevText')
REPLACE INTO `access_group_filesets` (`hash_id`, `access_group_id`) VALUES ('4dcb06d424df', 'APIDevAudio')
REPLACE INTO `access_group_filesets` (`hash_id`, `access_group_id`) VALUES ('4dcb06d424df', 'MobileText')
REPLACE INTO `access_group_filesets` (`hash_id`, `access_group_id`) VALUES ('4dcb06d424df', 'HubText')
REPLACE INTO `bibles` (`id`, `language_id`, `versification`, `numeral_system_id`, `script`) VALUES ('KNJSBI', 'knj', 'protestant', 'western-arabic', 'Latin')
REPLACE INTO `bible_translations` (`language_id`, `bible_id`, `name`) VALUES ('6414', 'KNJSBI', '2001 Edition')
REPLACE INTO `bible_filesets` (`id`, `set_type_code`, `hash_id`, `asset_id`, `set_size_code`) VALUES ('KNJSBIN2DA', 'audio_drama', '902a826cf9e6', 'dbp-prod', 'P')
REPLACE INTO `bible_filesets` (`id`, `set_type_code`, `hash_id`, `asset_id`, `set_size_code`) VALUES ('KNJSBIN2ET', 'text_format', '40893779d086', 'dbp-prod', 'P')
REPLACE INTO `bible_filesets` (`id`, `set_type_code`, `hash_id`, `asset_id`, `set_size_code`) VALUES ('KNJSBIO2ET', 'text_format', '32c2fe85ac16', 'dbp-prod', 'P')
REPLACE INTO `bible_fileset_connections` (`hash_id`, `bible_id`) VALUES ('902a826cf9e6', 'KNJSBI')
REPLACE INTO `bible_fileset_connections` (`hash_id`, `bible_id`) VALUES ('40893779d086', 'KNJSBI')
REPLACE INTO `bible_fileset_connections` (`hash_id`, `bible_id`) VALUES ('32c2fe85ac16', 'KNJSBI')
REPLACE INTO `bible_fileset_copyrights` (`hash_id`, `copyright`, `copyright_description`) VALUES ('902a826cf9e6', 'Text: © 2001 Wycliffe Bible Translators, Inc.
Audio: ℗ 2001 Hosanna Grabado por Asociacion Vina', 'Text: © 2001 Wycliffe Bible Translators, Inc.
Audio: ℗ 2001 Hosanna Grabado por Asociacion Vina')
REPLACE INTO `bible_fileset_copyrights` (`hash_id`, `copyright`, `copyright_description`) VALUES ('40893779d086', '© 2001 Wycliffe Bible Translators, Inc.', '© 2001 Wycliffe Bible Translators, Inc.')
REPLACE INTO `bible_fileset_copyrights` (`hash_id`, `copyright`, `copyright_description`) VALUES ('32c2fe85ac16', '© 2001 Wycliffe Bible Translators, Inc.', '© 2001 Wycliffe Bible Translators, Inc.')
REPLACE INTO `bible_fileset_copyright_organizations` (`hash_id`, `organization_id`, `organization_role`) VALUES ('902a826cf9e6', '9', '1')
REPLACE INTO `bible_fileset_copyright_organizations` (`hash_id`, `organization_id`, `organization_role`) VALUES ('40893779d086', null, '1')
REPLACE INTO `bible_fileset_copyright_organizations` (`hash_id`, `organization_id`, `organization_role`) VALUES ('32c2fe85ac16', null, '1')
REPLACE INTO `bible_fileset_tags` (`hash_id`, `name`, `description`, `admin_only`, `iso`, `language_id`) VALUES ('902a826cf9e6', 'sku', 'N2KNJ/SBI', '0', 'eng', '6414')
REPLACE INTO `bible_fileset_tags` (`hash_id`, `name`, `description`, `admin_only`, `iso`, `language_id`) VALUES ('902a826cf9e6', 'volume', '2001 Edition', '0', 'eng', '6414')
REPLACE INTO `bible_fileset_tags` (`hash_id`, `name`, `description`, `admin_only`, `iso`, `language_id`) VALUES ('902a826cf9e6', 'bitrate', '64kbps', '0', 'eng', '6414')
REPLACE INTO `bible_fileset_tags` (`hash_id`, `name`, `description`, `admin_only`, `iso`, `language_id`) VALUES ('40893779d086', 'sku', 'N2KNJ/SBI', '0', 'eng', '6414')
REPLACE INTO `bible_fileset_tags` (`hash_id`, `name`, `description`, `admin_only`, `iso`, `language_id`) VALUES ('40893779d086', 'volume', '2001 Edition', '0', 'eng', '6414')
REPLACE INTO `bible_fileset_tags` (`hash_id`, `name`, `description`, `admin_only`, `iso`, `language_id`) VALUES ('32c2fe85ac16', 'sku', 'N2KNJ/SBI', '0', 'eng', '6414')
REPLACE INTO `bible_fileset_tags` (`hash_id`, `name`, `description`, `admin_only`, `iso`, `language_id`) VALUES ('32c2fe85ac16', 'volume', '2001 Edition', '0', 'eng', '6414')
REPLACE INTO `access_group_filesets` (`hash_id`, `access_group_id`) VALUES ('902a826cf9e6', 'DBPText')
REPLACE INTO `access_group_filesets` (`hash_id`, `access_group_id`) VALUES ('902a826cf9e6', 'DBPAudio')
REPLACE INTO `access_group_filesets` (`hash_id`, `access_group_id`) VALUES ('902a826cf9e6', 'DBPMobile')
REPLACE INTO `access_group_filesets` (`hash_id`, `access_group_id`) VALUES ('902a826cf9e6', 'DBPWebHub')
REPLACE INTO `access_group_filesets` (`hash_id`, `access_group_id`) VALUES ('902a826cf9e6', 'Download')
REPLACE INTO `access_group_filesets` (`hash_id`, `access_group_id`) VALUES ('902a826cf9e6', 'Streaming')
REPLACE INTO `access_group_filesets` (`hash_id`, `access_group_id`) VALUES ('902a826cf9e6', 'ItunesPodcast')
REPLACE INTO `access_group_filesets` (`hash_id`, `access_group_id`) VALUES ('902a826cf9e6', 'APIDevText')
REPLACE INTO `access_group_filesets` (`hash_id`, `access_group_id`) VALUES ('902a826cf9e6', 'APIDevAudio')
REPLACE INTO `access_group_filesets` (`hash_id`, `access_group_id`) VALUES ('902a826cf9e6', 'MobileText')
REPLACE INTO `access_group_filesets` (`hash_id`, `access_group_id`) VALUES ('902a826cf9e6', 'HubText')
REPLACE INTO `access_group_filesets` (`hash_id`, `access_group_id`) VALUES ('902a826cf9e6', 'WebHubVideo')
REPLACE INTO `access_group_filesets` (`hash_id`, `access_group_id`) VALUES ('902a826cf9e6', 'APIDevVideo')
REPLACE INTO `access_group_filesets` (`hash_id`, `access_group_id`) VALUES ('40893779d086', 'DBPText')
REPLACE INTO `access_group_filesets` (`hash_id`, `access_group_id`) VALUES ('40893779d086', 'DBPAudio')
REPLACE INTO `access_group_filesets` (`hash_id`, `access_group_id`) VALUES ('40893779d086', 'DBPMobile')
REPLACE INTO `access_group_filesets` (`hash_id`, `access_group_id`) VALUES ('40893779d086', 'DBPWebHub')
REPLACE INTO `access_group_filesets` (`hash_id`, `access_group_id`) VALUES ('40893779d086', 'Download')
REPLACE INTO `access_group_filesets` (`hash_id`, `access_group_id`) VALUES ('40893779d086', 'Streaming')
REPLACE INTO `access_group_filesets` (`hash_id`, `access_group_id`) VALUES ('40893779d086', 'ItunesPodcast')
REPLACE INTO `access_group_filesets` (`hash_id`, `access_group_id`) VALUES ('40893779d086', 'APIDevText')
REPLACE INTO `access_group_filesets` (`hash_id`, `access_group_id`) VALUES ('40893779d086', 'APIDevAudio')
REPLACE INTO `access_group_filesets` (`hash_id`, `access_group_id`) VALUES ('40893779d086', 'MobileText')
REPLACE INTO `access_group_filesets` (`hash_id`, `access_group_id`) VALUES ('40893779d086', 'HubText')
REPLACE INTO `access_group_filesets` (`hash_id`, `access_group_id`) VALUES ('40893779d086', 'WebHubVideo')
REPLACE INTO `access_group_filesets` (`hash_id`, `access_group_id`) VALUES ('40893779d086', 'APIDevVideo')
REPLACE INTO `access_group_filesets` (`hash_id`, `access_group_id`) VALUES ('32c2fe85ac16', 'DBPText')
REPLACE INTO `access_group_filesets` (`hash_id`, `access_group_id`) VALUES ('32c2fe85ac16', 'DBPAudio')
REPLACE INTO `access_group_filesets` (`hash_id`, `access_group_id`) VALUES ('32c2fe85ac16', 'DBPMobile')
REPLACE INTO `access_group_filesets` (`hash_id`, `access_group_id`) VALUES ('32c2fe85ac16', 'DBPWebHub')
REPLACE INTO `access_group_filesets` (`hash_id`, `access_group_id`) VALUES ('32c2fe85ac16', 'Download')
REPLACE INTO `access_group_filesets` (`hash_id`, `access_group_id`) VALUES ('32c2fe85ac16', 'Streaming')
REPLACE INTO `access_group_filesets` (`hash_id`, `access_group_id`) VALUES ('32c2fe85ac16', 'ItunesPodcast')
REPLACE INTO `access_group_filesets` (`hash_id`, `access_group_id`) VALUES ('32c2fe85ac16', 'APIDevText')
REPLACE INTO `access_group_filesets` (`hash_id`, `access_group_id`) VALUES ('32c2fe85ac16', 'APIDevAudio')
REPLACE INTO `access_group_filesets` (`hash_id`, `access_group_id`) VALUES ('32c2fe85ac16', 'MobileText')
REPLACE INTO `access_group_filesets` (`hash_id`, `access_group_id`) VALUES ('32c2fe85ac16', 'HubText')
REPLACE INTO `access_group_filesets` (`hash_id`, `access_group_id`) VALUES ('32c2fe85ac16', 'WebHubVideo')
REPLACE INTO `access_group_filesets` (`hash_id`, `access_group_id`) VALUES ('32c2fe85ac16', 'APIDevVideo')
REPLACE INTO `bibles` (`id`, `language_id`, `versification`, `numeral_system_id`, `script`) VALUES ('ACEIBS', 'ace', 'protestant', 'western-arabic', 'Latin')
REPLACE INTO `bible_translations` (`language_id`, `bible_id`, `name`) VALUES ('6414', 'ACEIBS', 'Today's Aceh Version, 1997')
REPLACE INTO `bible_filesets` (`id`, `set_type_code`, `hash_id`, `asset_id`, `set_size_code`) VALUES ('AC1IBSN2DA', 'audio_drama', 'd1a1ef5d36e6', 'dbp-prod', 'P')
REPLACE INTO `bible_filesets` (`id`, `set_type_code`, `hash_id`, `asset_id`, `set_size_code`) VALUES ('AC1IBSN2ET', 'text_format', '1a1d598d9999', 'dbp-prod', 'P')
REPLACE INTO `bible_filesets` (`id`, `set_type_code`, `hash_id`, `asset_id`, `set_size_code`) VALUES ('AC1IBSO2ET', 'text_format', 'd51d2323f56e', 'dbp-prod', 'P')
REPLACE INTO `bible_fileset_connections` (`hash_id`, `bible_id`) VALUES ('d1a1ef5d36e6', 'ACEIBS')
REPLACE INTO `bible_fileset_connections` (`hash_id`, `bible_id`) VALUES ('1a1d598d9999', 'ACEIBS')
REPLACE INTO `bible_fileset_connections` (`hash_id`, `bible_id`) VALUES ('d51d2323f56e', 'ACEIBS')
REPLACE INTO `bible_fileset_copyrights` (`hash_id`, `copyright`, `copyright_description`) VALUES ('d1a1ef5d36e6', 'Text: © Lembaga Alkitab Indonesia 1997
Audio: ℗ 2007 Hosanna', 'Text: © Lembaga Alkitab Indonesia 1997
Audio: ℗ 2007 Hosanna')
REPLACE INTO `bible_fileset_copyrights` (`hash_id`, `copyright`, `copyright_description`) VALUES ('1a1d598d9999', '© Lembaga Alkitab Indonesia 1997', '© Lembaga Alkitab Indonesia 1997')
REPLACE INTO `bible_fileset_copyrights` (`hash_id`, `copyright`, `copyright_description`) VALUES ('d51d2323f56e', '© Lembaga Alkitab Indonesia 1997', '© Lembaga Alkitab Indonesia 1997')
REPLACE INTO `bible_fileset_copyright_organizations` (`hash_id`, `organization_id`, `organization_role`) VALUES ('d1a1ef5d36e6', '9', '1')
REPLACE INTO `bible_fileset_copyright_organizations` (`hash_id`, `organization_id`, `organization_role`) VALUES ('1a1d598d9999', null, '1')
REPLACE INTO `bible_fileset_copyright_organizations` (`hash_id`, `organization_id`, `organization_role`) VALUES ('d51d2323f56e', null, '1')
REPLACE INTO `bible_fileset_tags` (`hash_id`, `name`, `description`, `admin_only`, `iso`, `language_id`) VALUES ('d1a1ef5d36e6', 'sku', 'N2ACE/IBS', '0', 'eng', '6414')
REPLACE INTO `bible_fileset_tags` (`hash_id`, `name`, `description`, `admin_only`, `iso`, `language_id`) VALUES ('d1a1ef5d36e6', 'volume', 'Today's Aceh Version, 1997', '0', 'eng', '6414')
REPLACE INTO `bible_fileset_tags` (`hash_id`, `name`, `description`, `admin_only`, `iso`, `language_id`) VALUES ('d1a1ef5d36e6', 'bitrate', '64kbps', '0', 'eng', '6414')
REPLACE INTO `bible_fileset_tags` (`hash_id`, `name`, `description`, `admin_only`, `iso`, `language_id`) VALUES ('1a1d598d9999', 'sku', 'N2ACE/IBS', '0', 'eng', '6414')
REPLACE INTO `bible_fileset_tags` (`hash_id`, `name`, `description`, `admin_only`, `iso`, `language_id`) VALUES ('1a1d598d9999', 'volume', 'Today's Aceh Version, 1997', '0', 'eng', '6414')
REPLACE INTO `bible_fileset_tags` (`hash_id`, `name`, `description`, `admin_only`, `iso`, `language_id`) VALUES ('d51d2323f56e', 'sku', 'N2ACE/IBS', '0', 'eng', '6414')
REPLACE INTO `bible_fileset_tags` (`hash_id`, `name`, `description`, `admin_only`, `iso`, `language_id`) VALUES ('d51d2323f56e', 'volume', 'Today's Aceh Version, 1997', '0', 'eng', '6414')
REPLACE INTO `access_group_filesets` (`hash_id`, `access_group_id`) VALUES ('d1a1ef5d36e6', 'DBPText')
REPLACE INTO `access_group_filesets` (`hash_id`, `access_group_id`) VALUES ('d1a1ef5d36e6', 'DBPTextOT')
REPLACE INTO `access_group_filesets` (`hash_id`, `access_group_id`) VALUES ('d1a1ef5d36e6', 'DBPAudio')
REPLACE INTO `access_group_filesets` (`hash_id`, `access_group_id`) VALUES ('d1a1ef5d36e6', 'DBPMobile')
REPLACE INTO `access_group_filesets` (`hash_id`, `access_group_id`) VALUES ('d1a1ef5d36e6', 'DBPWebHub')
REPLACE INTO `access_group_filesets` (`hash_id`, `access_group_id`) VALUES ('d1a1ef5d36e6', 'Download')
REPLACE INTO `access_group_filesets` (`hash_id`, `access_group_id`) VALUES ('d1a1ef5d36e6', 'Streaming')
REPLACE INTO `access_group_filesets` (`hash_id`, `access_group_id`) VALUES ('d1a1ef5d36e6', 'ItunesPodcast')
REPLACE INTO `access_group_filesets` (`hash_id`, `access_group_id`) VALUES ('d1a1ef5d36e6', 'APIDevText')
REPLACE INTO `access_group_filesets` (`hash_id`, `access_group_id`) VALUES ('d1a1ef5d36e6', 'APIDevAudio')
REPLACE INTO `access_group_filesets` (`hash_id`, `access_group_id`) VALUES ('d1a1ef5d36e6', 'MobileText')
REPLACE INTO `access_group_filesets` (`hash_id`, `access_group_id`) VALUES ('d1a1ef5d36e6', 'HubText')
REPLACE INTO `access_group_filesets` (`hash_id`, `access_group_id`) VALUES ('1a1d598d9999', 'DBPText')
REPLACE INTO `access_group_filesets` (`hash_id`, `access_group_id`) VALUES ('1a1d598d9999', 'DBPTextOT')
REPLACE INTO `access_group_filesets` (`hash_id`, `access_group_id`) VALUES ('1a1d598d9999', 'DBPAudio')
REPLACE INTO `access_group_filesets` (`hash_id`, `access_group_id`) VALUES ('1a1d598d9999', 'DBPMobile')
REPLACE INTO `access_group_filesets` (`hash_id`, `access_group_id`) VALUES ('1a1d598d9999', 'DBPWebHub')
REPLACE INTO `access_group_filesets` (`hash_id`, `access_group_id`) VALUES ('1a1d598d9999', 'Download')
REPLACE INTO `access_group_filesets` (`hash_id`, `access_group_id`) VALUES ('1a1d598d9999', 'Streaming')
REPLACE INTO `access_group_filesets` (`hash_id`, `access_group_id`) VALUES ('1a1d598d9999', 'ItunesPodcast')
REPLACE INTO `access_group_filesets` (`hash_id`, `access_group_id`) VALUES ('1a1d598d9999', 'APIDevText')
REPLACE INTO `access_group_filesets` (`hash_id`, `access_group_id`) VALUES ('1a1d598d9999', 'APIDevAudio')
REPLACE INTO `access_group_filesets` (`hash_id`, `access_group_id`) VALUES ('1a1d598d9999', 'MobileText')
REPLACE INTO `access_group_filesets` (`hash_id`, `access_group_id`) VALUES ('1a1d598d9999', 'HubText')
REPLACE INTO `access_group_filesets` (`hash_id`, `access_group_id`) VALUES ('d51d2323f56e', 'DBPText')
REPLACE INTO `access_group_filesets` (`hash_id`, `access_group_id`) VALUES ('d51d2323f56e', 'DBPTextOT')
REPLACE INTO `access_group_filesets` (`hash_id`, `access_group_id`) VALUES ('d51d2323f56e', 'DBPAudio')
REPLACE INTO `access_group_filesets` (`hash_id`, `access_group_id`) VALUES ('d51d2323f56e', 'DBPMobile')
REPLACE INTO `access_group_filesets` (`hash_id`, `access_group_id`) VALUES ('d51d2323f56e', 'DBPWebHub')
REPLACE INTO `access_group_filesets` (`hash_id`, `access_group_id`) VALUES ('d51d2323f56e', 'Download')
REPLACE INTO `access_group_filesets` (`hash_id`, `access_group_id`) VALUES ('d51d2323f56e', 'Streaming')
REPLACE INTO `access_group_filesets` (`hash_id`, `access_group_id`) VALUES ('d51d2323f56e', 'ItunesPodcast')
REPLACE INTO `access_group_filesets` (`hash_id`, `access_group_id`) VALUES ('d51d2323f56e', 'APIDevText')
REPLACE INTO `access_group_filesets` (`hash_id`, `access_group_id`) VALUES ('d51d2323f56e', 'APIDevAudio')
REPLACE INTO `access_group_filesets` (`hash_id`, `access_group_id`) VALUES ('d51d2323f56e', 'MobileText')
REPLACE INTO `access_group_filesets` (`hash_id`, `access_group_id`) VALUES ('d51d2323f56e', 'HubText')
REPLACE INTO `bibles` (`id`, `language_id`, `versification`, `numeral_system_id`, `script`) VALUES ('ACAWBT', 'aca', 'protestant', 'western-arabic', 'Latin')
REPLACE INTO `bible_translations` (`language_id`, `bible_id`, `name`) VALUES ('6414', 'ACAWBT', '2013 Edition')
REPLACE INTO `bible_filesets` (`id`, `set_type_code`, `hash_id`, `asset_id`, `set_size_code`) VALUES ('ACAWBTP2DA', 'audio_drama', '0a6b0d5e5747', 'dbp-prod', 'P')
REPLACE INTO `bible_filesets` (`id`, `set_type_code`, `hash_id`, `asset_id`, `set_size_code`) VALUES ('ACAWBTP2ET', 'text_format', '3548bbc4357b', 'dbp-prod', 'P')
REPLACE INTO `bible_fileset_connections` (`hash_id`, `bible_id`) VALUES ('0a6b0d5e5747', 'ACAWBT')
REPLACE INTO `bible_fileset_connections` (`hash_id`, `bible_id`) VALUES ('3548bbc4357b', 'ACAWBT')
REPLACE INTO `bible_fileset_copyrights` (`hash_id`, `copyright`, `copyright_description`) VALUES ('0a6b0d5e5747', 'Text: © 2013 The Bible League
Audio: ℗ 2013 Francisco Garcia', 'Text: © 2013 The Bible League
Audio: ℗ 2013 Francisco Garcia')
REPLACE INTO `bible_fileset_copyrights` (`hash_id`, `copyright`, `copyright_description`) VALUES ('3548bbc4357b', '© 2013 The Bible League', '© 2013 The Bible League')
REPLACE INTO `bible_fileset_copyright_organizations` (`hash_id`, `organization_id`, `organization_role`) VALUES ('0a6b0d5e5747', null, '1')
REPLACE INTO `bible_fileset_copyright_organizations` (`hash_id`, `organization_id`, `organization_role`) VALUES ('3548bbc4357b', null, '1')
REPLACE INTO `bible_fileset_tags` (`hash_id`, `name`, `description`, `admin_only`, `iso`, `language_id`) VALUES ('0a6b0d5e5747', 'sku', 'P2ACA/WBT', '0', 'eng', '6414')
REPLACE INTO `bible_fileset_tags` (`hash_id`, `name`, `description`, `admin_only`, `iso`, `language_id`) VALUES ('0a6b0d5e5747', 'volume', '2013 Edition', '0', 'eng', '6414')
REPLACE INTO `bible_fileset_tags` (`hash_id`, `name`, `description`, `admin_only`, `iso`, `language_id`) VALUES ('0a6b0d5e5747', 'bitrate', '64kbps', '0', 'eng', '6414')
REPLACE INTO `bible_fileset_tags` (`hash_id`, `name`, `description`, `admin_only`, `iso`, `language_id`) VALUES ('3548bbc4357b', 'sku', 'P2ACA/WBT', '0', 'eng', '6414')
REPLACE INTO `bible_fileset_tags` (`hash_id`, `name`, `description`, `admin_only`, `iso`, `language_id`) VALUES ('3548bbc4357b', 'volume', '2013 Edition', '0', 'eng', '6414')
REPLACE INTO `access_group_filesets` (`hash_id`, `access_group_id`) VALUES ('0a6b0d5e5747', 'DBPText')
REPLACE INTO `access_group_filesets` (`hash_id`, `access_group_id`) VALUES ('0a6b0d5e5747', 'DBPTextOT')
REPLACE INTO `access_group_filesets` (`hash_id`, `access_group_id`) VALUES ('0a6b0d5e5747', 'DBPAudio')
REPLACE INTO `access_group_filesets` (`hash_id`, `access_group_id`) VALUES ('0a6b0d5e5747', 'DBPMobile')
REPLACE INTO `access_group_filesets` (`hash_id`, `access_group_id`) VALUES ('0a6b0d5e5747', 'DBPWebHub')
REPLACE INTO `access_group_filesets` (`hash_id`, `access_group_id`) VALUES ('0a6b0d5e5747', 'Download')
REPLACE INTO `access_group_filesets` (`hash_id`, `access_group_id`) VALUES ('0a6b0d5e5747', 'Streaming')
REPLACE INTO `access_group_filesets` (`hash_id`, `access_group_id`) VALUES ('0a6b0d5e5747', 'ItunesPodcast')
REPLACE INTO `access_group_filesets` (`hash_id`, `access_group_id`) VALUES ('0a6b0d5e5747', 'APIDevText')
REPLACE INTO `access_group_filesets` (`hash_id`, `access_group_id`) VALUES ('0a6b0d5e5747', 'APIDevAudio')
REPLACE INTO `access_group_filesets` (`hash_id`, `access_group_id`) VALUES ('0a6b0d5e5747', 'MobileText')
REPLACE INTO `access_group_filesets` (`hash_id`, `access_group_id`) VALUES ('0a6b0d5e5747', 'HubText')
REPLACE INTO `access_group_filesets` (`hash_id`, `access_group_id`) VALUES ('0a6b0d5e5747', 'WebHubVideo')
REPLACE INTO `access_group_filesets` (`hash_id`, `access_group_id`) VALUES ('0a6b0d5e5747', 'APIDevVideo')
REPLACE INTO `access_group_filesets` (`hash_id`, `access_group_id`) VALUES ('3548bbc4357b', 'DBPText')
REPLACE INTO `access_group_filesets` (`hash_id`, `access_group_id`) VALUES ('3548bbc4357b', 'DBPTextOT')
REPLACE INTO `access_group_filesets` (`hash_id`, `access_group_id`) VALUES ('3548bbc4357b', 'DBPAudio')
REPLACE INTO `access_group_filesets` (`hash_id`, `access_group_id`) VALUES ('3548bbc4357b', 'DBPMobile')
REPLACE INTO `access_group_filesets` (`hash_id`, `access_group_id`) VALUES ('3548bbc4357b', 'DBPWebHub')
REPLACE INTO `access_group_filesets` (`hash_id`, `access_group_id`) VALUES ('3548bbc4357b', 'Download')
REPLACE INTO `access_group_filesets` (`hash_id`, `access_group_id`) VALUES ('3548bbc4357b', 'Streaming')
REPLACE INTO `access_group_filesets` (`hash_id`, `access_group_id`) VALUES ('3548bbc4357b', 'ItunesPodcast')
REPLACE INTO `access_group_filesets` (`hash_id`, `access_group_id`) VALUES ('3548bbc4357b', 'APIDevText')
REPLACE INTO `access_group_filesets` (`hash_id`, `access_group_id`) VALUES ('3548bbc4357b', 'APIDevAudio')
REPLACE INTO `access_group_filesets` (`hash_id`, `access_group_id`) VALUES ('3548bbc4357b', 'MobileText')
REPLACE INTO `access_group_filesets` (`hash_id`, `access_group_id`) VALUES ('3548bbc4357b', 'HubText')
REPLACE INTO `access_group_filesets` (`hash_id`, `access_group_id`) VALUES ('3548bbc4357b', 'WebHubVideo')
REPLACE INTO `access_group_filesets` (`hash_id`, `access_group_id`) VALUES ('3548bbc4357b', 'APIDevVideo')
REPLACE INTO `bibles` (`id`, `language_id`, `versification`, `numeral_system_id`, `script`) VALUES ('GUQLPY', 'guq', 'protestant', 'western-arabic', 'Latin')
REPLACE INTO `bible_translations` (`language_id`, `bible_id`, `name`) VALUES ('6414', 'GUQLPY', 'LETRA Version')
REPLACE INTO `bible_filesets` (`id`, `set_type_code`, `hash_id`, `asset_id`, `set_size_code`) VALUES ('GUQLPYN2DA', 'audio_drama', 'aaef11a9cb6f', 'dbp-prod', 'P')
REPLACE INTO `bible_filesets` (`id`, `set_type_code`, `hash_id`, `asset_id`, `set_size_code`) VALUES ('GUQLPYN1DA', 'audio', '28f770969c6c', 'dbp-prod', 'P')
REPLACE INTO `bible_filesets` (`id`, `set_type_code`, `hash_id`, `asset_id`, `set_size_code`) VALUES ('GUQLPYN2ET', 'text_format', '152c90c44280', 'dbp-prod', 'P')
REPLACE INTO `bible_filesets` (`id`, `set_type_code`, `hash_id`, `asset_id`, `set_size_code`) VALUES ('GUQLPYN1ET', 'text_format', '4bbb1d85324f', 'dbp-prod', 'P')
REPLACE INTO `bible_fileset_connections` (`hash_id`, `bible_id`) VALUES ('aaef11a9cb6f', 'GUQLPY')
REPLACE INTO `bible_fileset_connections` (`hash_id`, `bible_id`) VALUES ('28f770969c6c', 'GUQLPY')
REPLACE INTO `bible_fileset_connections` (`hash_id`, `bible_id`) VALUES ('152c90c44280', 'GUQLPY')
REPLACE INTO `bible_fileset_connections` (`hash_id`, `bible_id`) VALUES ('4bbb1d85324f', 'GUQLPY')
REPLACE INTO `bible_fileset_copyrights` (`hash_id`, `copyright`, `copyright_description`) VALUES ('aaef11a9cb6f', 'Text: © LETRA Paraguay
Audio: ℗ 2014 Hosanna', 'Text: © LETRA Paraguay
Audio: ℗ 2014 Hosanna')
REPLACE INTO `bible_fileset_copyrights` (`hash_id`, `copyright`, `copyright_description`) VALUES ('28f770969c6c', 'Text: © LETRA Paraguay
Audio: ℗ 2014 Hosanna', 'Text: © LETRA Paraguay
Audio: ℗ 2014 Hosanna')
REPLACE INTO `bible_fileset_copyrights` (`hash_id`, `copyright`, `copyright_description`) VALUES ('152c90c44280', '© LETRA Paraguay', '© LETRA Paraguay')
REPLACE INTO `bible_fileset_copyrights` (`hash_id`, `copyright`, `copyright_description`) VALUES ('4bbb1d85324f', '© LETRA Paraguay', '© LETRA Paraguay')
REPLACE INTO `bible_fileset_copyright_organizations` (`hash_id`, `organization_id`, `organization_role`) VALUES ('aaef11a9cb6f', '9', '1')
REPLACE INTO `bible_fileset_copyright_organizations` (`hash_id`, `organization_id`, `organization_role`) VALUES ('28f770969c6c', '9', '1')
REPLACE INTO `bible_fileset_copyright_organizations` (`hash_id`, `organization_id`, `organization_role`) VALUES ('152c90c44280', null, '1')
REPLACE INTO `bible_fileset_copyright_organizations` (`hash_id`, `organization_id`, `organization_role`) VALUES ('4bbb1d85324f', null, '1')
REPLACE INTO `bible_fileset_tags` (`hash_id`, `name`, `description`, `admin_only`, `iso`, `language_id`) VALUES ('aaef11a9cb6f', 'sku', 'N2GUQ/LPY', '0', 'eng', '6414')
REPLACE INTO `bible_fileset_tags` (`hash_id`, `name`, `description`, `admin_only`, `iso`, `language_id`) VALUES ('aaef11a9cb6f', 'volume', 'LETRA Version', '0', 'eng', '6414')
REPLACE INTO `bible_fileset_tags` (`hash_id`, `name`, `description`, `admin_only`, `iso`, `language_id`) VALUES ('aaef11a9cb6f', 'bitrate', '64kbps', '0', 'eng', '6414')
REPLACE INTO `bible_fileset_tags` (`hash_id`, `name`, `description`, `admin_only`, `iso`, `language_id`) VALUES ('28f770969c6c', 'sku', 'N2GUQ/LPY', '0', 'eng', '6414')
REPLACE INTO `bible_fileset_tags` (`hash_id`, `name`, `description`, `admin_only`, `iso`, `language_id`) VALUES ('28f770969c6c', 'volume', 'LETRA Version', '0', 'eng', '6414')
REPLACE INTO `bible_fileset_tags` (`hash_id`, `name`, `description`, `admin_only`, `iso`, `language_id`) VALUES ('28f770969c6c', 'bitrate', '64kbps', '0', 'eng', '6414')
REPLACE INTO `bible_fileset_tags` (`hash_id`, `name`, `description`, `admin_only`, `iso`, `language_id`) VALUES ('152c90c44280', 'sku', 'N2GUQ/LPY', '0', 'eng', '6414')
REPLACE INTO `bible_fileset_tags` (`hash_id`, `name`, `description`, `admin_only`, `iso`, `language_id`) VALUES ('152c90c44280', 'volume', 'LETRA Version', '0', 'eng', '6414')
REPLACE INTO `bible_fileset_tags` (`hash_id`, `name`, `description`, `admin_only`, `iso`, `language_id`) VALUES ('4bbb1d85324f', 'sku', 'N2GUQ/LPY', '0', 'eng', '6414')
REPLACE INTO `bible_fileset_tags` (`hash_id`, `name`, `description`, `admin_only`, `iso`, `language_id`) VALUES ('4bbb1d85324f', 'volume', 'LETRA Version', '0', 'eng', '6414')
REPLACE INTO `access_group_filesets` (`hash_id`, `access_group_id`) VALUES ('aaef11a9cb6f', 'DBPText')
REPLACE INTO `access_group_filesets` (`hash_id`, `access_group_id`) VALUES ('aaef11a9cb6f', 'DBPAudio')
REPLACE INTO `access_group_filesets` (`hash_id`, `access_group_id`) VALUES ('aaef11a9cb6f', 'DBPMobile')
REPLACE INTO `access_group_filesets` (`hash_id`, `access_group_id`) VALUES ('aaef11a9cb6f', 'DBPWebHub')
REPLACE INTO `access_group_filesets` (`hash_id`, `access_group_id`) VALUES ('aaef11a9cb6f', 'Download')
REPLACE INTO `access_group_filesets` (`hash_id`, `access_group_id`) VALUES ('aaef11a9cb6f', 'Streaming')
REPLACE INTO `access_group_filesets` (`hash_id`, `access_group_id`) VALUES ('aaef11a9cb6f', 'ItunesPodcast')
REPLACE INTO `access_group_filesets` (`hash_id`, `access_group_id`) VALUES ('aaef11a9cb6f', 'APIDevText')
REPLACE INTO `access_group_filesets` (`hash_id`, `access_group_id`) VALUES ('aaef11a9cb6f', 'APIDevAudio')
REPLACE INTO `access_group_filesets` (`hash_id`, `access_group_id`) VALUES ('aaef11a9cb6f', 'MobileText')
REPLACE INTO `access_group_filesets` (`hash_id`, `access_group_id`) VALUES ('aaef11a9cb6f', 'HubText')
REPLACE INTO `access_group_filesets` (`hash_id`, `access_group_id`) VALUES ('28f770969c6c', 'DBPText')
REPLACE INTO `access_group_filesets` (`hash_id`, `access_group_id`) VALUES ('28f770969c6c', 'DBPAudio')
REPLACE INTO `access_group_filesets` (`hash_id`, `access_group_id`) VALUES ('28f770969c6c', 'DBPMobile')
REPLACE INTO `access_group_filesets` (`hash_id`, `access_group_id`) VALUES ('28f770969c6c', 'DBPWebHub')
REPLACE INTO `access_group_filesets` (`hash_id`, `access_group_id`) VALUES ('28f770969c6c', 'Download')
REPLACE INTO `access_group_filesets` (`hash_id`, `access_group_id`) VALUES ('28f770969c6c', 'Streaming')
REPLACE INTO `access_group_filesets` (`hash_id`, `access_group_id`) VALUES ('28f770969c6c', 'ItunesPodcast')
REPLACE INTO `access_group_filesets` (`hash_id`, `access_group_id`) VALUES ('28f770969c6c', 'APIDevText')
REPLACE INTO `access_group_filesets` (`hash_id`, `access_group_id`) VALUES ('28f770969c6c', 'APIDevAudio')
REPLACE INTO `access_group_filesets` (`hash_id`, `access_group_id`) VALUES ('28f770969c6c', 'MobileText')
REPLACE INTO `access_group_filesets` (`hash_id`, `access_group_id`) VALUES ('28f770969c6c', 'HubText')
REPLACE INTO `access_group_filesets` (`hash_id`, `access_group_id`) VALUES ('152c90c44280', 'DBPText')
REPLACE INTO `access_group_filesets` (`hash_id`, `access_group_id`) VALUES ('152c90c44280', 'DBPAudio')
REPLACE INTO `access_group_filesets` (`hash_id`, `access_group_id`) VALUES ('152c90c44280', 'DBPMobile')
REPLACE INTO `access_group_filesets` (`hash_id`, `access_group_id`) VALUES ('152c90c44280', 'DBPWebHub')
REPLACE INTO `access_group_filesets` (`hash_id`, `access_group_id`) VALUES ('152c90c44280', 'Download')
REPLACE INTO `access_group_filesets` (`hash_id`, `access_group_id`) VALUES ('152c90c44280', 'Streaming')
REPLACE INTO `access_group_filesets` (`hash_id`, `access_group_id`) VALUES ('152c90c44280', 'ItunesPodcast')
REPLACE INTO `access_group_filesets` (`hash_id`, `access_group_id`) VALUES ('152c90c44280', 'APIDevText')
REPLACE INTO `access_group_filesets` (`hash_id`, `access_group_id`) VALUES ('152c90c44280', 'APIDevAudio')
REPLACE INTO `access_group_filesets` (`hash_id`, `access_group_id`) VALUES ('152c90c44280', 'MobileText')
REPLACE INTO `access_group_filesets` (`hash_id`, `access_group_id`) VALUES ('152c90c44280', 'HubText')
REPLACE INTO `access_group_filesets` (`hash_id`, `access_group_id`) VALUES ('4bbb1d85324f', 'DBPText')
REPLACE INTO `access_group_filesets` (`hash_id`, `access_group_id`) VALUES ('4bbb1d85324f', 'DBPAudio')
REPLACE INTO `access_group_filesets` (`hash_id`, `access_group_id`) VALUES ('4bbb1d85324f', 'DBPMobile')
REPLACE INTO `access_group_filesets` (`hash_id`, `access_group_id`) VALUES ('4bbb1d85324f', 'DBPWebHub')
REPLACE INTO `access_group_filesets` (`hash_id`, `access_group_id`) VALUES ('4bbb1d85324f', 'Download')
REPLACE INTO `access_group_filesets` (`hash_id`, `access_group_id`) VALUES ('4bbb1d85324f', 'Streaming')
REPLACE INTO `access_group_filesets` (`hash_id`, `access_group_id`) VALUES ('4bbb1d85324f', 'ItunesPodcast')
REPLACE INTO `access_group_filesets` (`hash_id`, `access_group_id`) VALUES ('4bbb1d85324f', 'APIDevText')
REPLACE INTO `access_group_filesets` (`hash_id`, `access_group_id`) VALUES ('4bbb1d85324f', 'APIDevAudio')
REPLACE INTO `access_group_filesets` (`hash_id`, `access_group_id`) VALUES ('4bbb1d85324f', 'MobileText')
REPLACE INTO `access_group_filesets` (`hash_id`, `access_group_id`) VALUES ('4bbb1d85324f', 'HubText')
REPLACE INTO `bibles` (`id`, `language_id`, `versification`, `numeral_system_id`, `script`) VALUES ('ACRNNT', 'acr', 'protestant', 'western-arabic', 'Latin')
REPLACE INTO `bible_translations` (`language_id`, `bible_id`, `name`) VALUES ('6414', 'ACRNNT', '2009 Edition')
REPLACE INTO `bible_filesets` (`id`, `set_type_code`, `hash_id`, `asset_id`, `set_size_code`) VALUES ('ACRWBTN2DA', 'audio_drama', '86309c018461', 'dbp-prod', 'P')
REPLACE INTO `bible_filesets` (`id`, `set_type_code`, `hash_id`, `asset_id`, `set_size_code`) VALUES ('ACRWB1N2DA', 'audio_drama', '56bb3b650944', 'dbp-prod', 'P')
REPLACE INTO `bible_filesets` (`id`, `set_type_code`, `hash_id`, `asset_id`, `set_size_code`) VALUES ('ACRWBTN2ET', 'text_format', 'e8d252d0196f', 'dbp-prod', 'P')
REPLACE INTO `bible_filesets` (`id`, `set_type_code`, `hash_id`, `asset_id`, `set_size_code`) VALUES ('ACRWB1N2ET', 'text_format', 'bf2f9b56c76a', 'dbp-prod', 'P')
REPLACE INTO `bible_filesets` (`id`, `set_type_code`, `hash_id`, `asset_id`, `set_size_code`) VALUES ('ACRWBTP2DV', 'text_format', 'd16fe947b803', 'dbp-prod', 'P')
REPLACE INTO `bible_fileset_connections` (`hash_id`, `bible_id`) VALUES ('86309c018461', 'ACRNNT')
REPLACE INTO `bible_fileset_connections` (`hash_id`, `bible_id`) VALUES ('56bb3b650944', 'ACRNNT')
REPLACE INTO `bible_fileset_connections` (`hash_id`, `bible_id`) VALUES ('e8d252d0196f', 'ACRNNT')
REPLACE INTO `bible_fileset_connections` (`hash_id`, `bible_id`) VALUES ('bf2f9b56c76a', 'ACRNNT')
REPLACE INTO `bible_fileset_connections` (`hash_id`, `bible_id`) VALUES ('d16fe947b803', 'ACRNNT')
REPLACE INTO `bible_fileset_copyrights` (`hash_id`, `copyright`, `copyright_description`) VALUES ('86309c018461', 'Text: © 2009 Wycliffe Bible Translators, Inc.
Audio: ℗ 2009 Hosanna', 'Text: © 2009 Wycliffe Bible Translators, Inc.
Audio: ℗ 2009 Hosanna')
REPLACE INTO `bible_fileset_copyrights` (`hash_id`, `copyright`, `copyright_description`) VALUES ('56bb3b650944', 'Text: © 2009 Wycliffe Bible Translators, Inc.
Audio: ℗ 2009 Hosanna', 'Text: © 2009 Wycliffe Bible Translators, Inc.
Audio: ℗ 2009 Hosanna')
REPLACE INTO `bible_fileset_copyrights` (`hash_id`, `copyright`, `copyright_description`) VALUES ('e8d252d0196f', '© 2009 Wycliffe Bible Translators, Inc.', '© 2009 Wycliffe Bible Translators, Inc.')
REPLACE INTO `bible_fileset_copyrights` (`hash_id`, `copyright`, `copyright_description`) VALUES ('bf2f9b56c76a', '© 2009 Wycliffe Bible Translators, Inc.', '© 2009 Wycliffe Bible Translators, Inc.')
REPLACE INTO `bible_fileset_copyrights` (`hash_id`, `copyright`, `copyright_description`) VALUES ('d16fe947b803', '© 2009 Wycliffe Bible Translators, Inc.', '© 2009 Wycliffe Bible Translators, Inc.')
REPLACE INTO `bible_fileset_copyright_organizations` (`hash_id`, `organization_id`, `organization_role`) VALUES ('86309c018461', '9', '1')
REPLACE INTO `bible_fileset_copyright_organizations` (`hash_id`, `organization_id`, `organization_role`) VALUES ('56bb3b650944', '9', '1')
REPLACE INTO `bible_fileset_copyright_organizations` (`hash_id`, `organization_id`, `organization_role`) VALUES ('e8d252d0196f', null, '1')
REPLACE INTO `bible_fileset_copyright_organizations` (`hash_id`, `organization_id`, `organization_role`) VALUES ('bf2f9b56c76a', null, '1')
REPLACE INTO `bible_fileset_copyright_organizations` (`hash_id`, `organization_id`, `organization_role`) VALUES ('d16fe947b803', null, '1')
REPLACE INTO `bible_fileset_tags` (`hash_id`, `name`, `description`, `admin_only`, `iso`, `language_id`) VALUES ('86309c018461', 'sku', 'N2ACR/WBT', '0', 'eng', '6414')
REPLACE INTO `bible_fileset_tags` (`hash_id`, `name`, `description`, `admin_only`, `iso`, `language_id`) VALUES ('86309c018461', 'volume', '2009 Edition', '0', 'eng', '6414')
REPLACE INTO `bible_fileset_tags` (`hash_id`, `name`, `description`, `admin_only`, `iso`, `language_id`) VALUES ('86309c018461', 'bitrate', '64kbps', '0', 'eng', '6414')
REPLACE INTO `bible_fileset_tags` (`hash_id`, `name`, `description`, `admin_only`, `iso`, `language_id`) VALUES ('56bb3b650944', 'sku', 'N2ACR/WBT', '0', 'eng', '6414')
REPLACE INTO `bible_fileset_tags` (`hash_id`, `name`, `description`, `admin_only`, `iso`, `language_id`) VALUES ('56bb3b650944', 'volume', '2009 Edition', '0', 'eng', '6414')
REPLACE INTO `bible_fileset_tags` (`hash_id`, `name`, `description`, `admin_only`, `iso`, `language_id`) VALUES ('56bb3b650944', 'bitrate', '64kbps', '0', 'eng', '6414')
REPLACE INTO `bible_fileset_tags` (`hash_id`, `name`, `description`, `admin_only`, `iso`, `language_id`) VALUES ('e8d252d0196f', 'sku', 'N2ACR/WBT', '0', 'eng', '6414')
REPLACE INTO `bible_fileset_tags` (`hash_id`, `name`, `description`, `admin_only`, `iso`, `language_id`) VALUES ('e8d252d0196f', 'volume', '2009 Edition', '0', 'eng', '6414')
REPLACE INTO `bible_fileset_tags` (`hash_id`, `name`, `description`, `admin_only`, `iso`, `language_id`) VALUES ('bf2f9b56c76a', 'sku', 'N2ACR/WBT', '0', 'eng', '6414')
REPLACE INTO `bible_fileset_tags` (`hash_id`, `name`, `description`, `admin_only`, `iso`, `language_id`) VALUES ('bf2f9b56c76a', 'volume', '2009 Edition', '0', 'eng', '6414')
REPLACE INTO `bible_fileset_tags` (`hash_id`, `name`, `description`, `admin_only`, `iso`, `language_id`) VALUES ('d16fe947b803', 'sku', 'N2ACR/WBT', '0', 'eng', '6414')
REPLACE INTO `bible_fileset_tags` (`hash_id`, `name`, `description`, `admin_only`, `iso`, `language_id`) VALUES ('d16fe947b803', 'volume', '2009 Edition', '0', 'eng', '6414')
REPLACE INTO `access_group_filesets` (`hash_id`, `access_group_id`) VALUES ('86309c018461', 'DBPText')
REPLACE INTO `access_group_filesets` (`hash_id`, `access_group_id`) VALUES ('86309c018461', 'DBPAudio')
REPLACE INTO `access_group_filesets` (`hash_id`, `access_group_id`) VALUES ('86309c018461', 'DBPMobile')
REPLACE INTO `access_group_filesets` (`hash_id`, `access_group_id`) VALUES ('86309c018461', 'DBPWebHub')
REPLACE INTO `access_group_filesets` (`hash_id`, `access_group_id`) VALUES ('86309c018461', 'Download')
REPLACE INTO `access_group_filesets` (`hash_id`, `access_group_id`) VALUES ('86309c018461', 'Streaming')
REPLACE INTO `access_group_filesets` (`hash_id`, `access_group_id`) VALUES ('86309c018461', 'ItunesPodcast')
REPLACE INTO `access_group_filesets` (`hash_id`, `access_group_id`) VALUES ('86309c018461', 'APIDevText')
REPLACE INTO `access_group_filesets` (`hash_id`, `access_group_id`) VALUES ('86309c018461', 'APIDevAudio')
REPLACE INTO `access_group_filesets` (`hash_id`, `access_group_id`) VALUES ('86309c018461', 'MobileText')
REPLACE INTO `access_group_filesets` (`hash_id`, `access_group_id`) VALUES ('86309c018461', 'HubText')
REPLACE INTO `access_group_filesets` (`hash_id`, `access_group_id`) VALUES ('86309c018461', 'WebHubVideo')
REPLACE INTO `access_group_filesets` (`hash_id`, `access_group_id`) VALUES ('86309c018461', 'APIDevVideo')
REPLACE INTO `access_group_filesets` (`hash_id`, `access_group_id`) VALUES ('56bb3b650944', 'DBPText')
REPLACE INTO `access_group_filesets` (`hash_id`, `access_group_id`) VALUES ('56bb3b650944', 'DBPAudio')
REPLACE INTO `access_group_filesets` (`hash_id`, `access_group_id`) VALUES ('56bb3b650944', 'DBPMobile')
REPLACE INTO `access_group_filesets` (`hash_id`, `access_group_id`) VALUES ('56bb3b650944', 'DBPWebHub')
REPLACE INTO `access_group_filesets` (`hash_id`, `access_group_id`) VALUES ('56bb3b650944', 'Download')
REPLACE INTO `access_group_filesets` (`hash_id`, `access_group_id`) VALUES ('56bb3b650944', 'Streaming')
REPLACE INTO `access_group_filesets` (`hash_id`, `access_group_id`) VALUES ('56bb3b650944', 'ItunesPodcast')
REPLACE INTO `access_group_filesets` (`hash_id`, `access_group_id`) VALUES ('56bb3b650944', 'APIDevText')
REPLACE INTO `access_group_filesets` (`hash_id`, `access_group_id`) VALUES ('56bb3b650944', 'APIDevAudio')
REPLACE INTO `access_group_filesets` (`hash_id`, `access_group_id`) VALUES ('56bb3b650944', 'MobileText')
REPLACE INTO `access_group_filesets` (`hash_id`, `access_group_id`) VALUES ('56bb3b650944', 'HubText')
REPLACE INTO `access_group_filesets` (`hash_id`, `access_group_id`) VALUES ('56bb3b650944', 'WebHubVideo')
REPLACE INTO `access_group_filesets` (`hash_id`, `access_group_id`) VALUES ('56bb3b650944', 'APIDevVideo')
REPLACE INTO `access_group_filesets` (`hash_id`, `access_group_id`) VALUES ('e8d252d0196f', 'DBPText')
REPLACE INTO `access_group_filesets` (`hash_id`, `access_group_id`) VALUES ('e8d252d0196f', 'DBPAudio')
REPLACE INTO `access_group_filesets` (`hash_id`, `access_group_id`) VALUES ('e8d252d0196f', 'DBPMobile')
REPLACE INTO `access_group_filesets` (`hash_id`, `access_group_id`) VALUES ('e8d252d0196f', 'DBPWebHub')
REPLACE INTO `access_group_filesets` (`hash_id`, `access_group_id`) VALUES ('e8d252d0196f', 'Download')
REPLACE INTO `access_group_filesets` (`hash_id`, `access_group_id`) VALUES ('e8d252d0196f', 'Streaming')
REPLACE INTO `access_group_filesets` (`hash_id`, `access_group_id`) VALUES ('e8d252d0196f', 'ItunesPodcast')
REPLACE INTO `access_group_filesets` (`hash_id`, `access_group_id`) VALUES ('e8d252d0196f', 'APIDevText')
REPLACE INTO `access_group_filesets` (`hash_id`, `access_group_id`) VALUES ('e8d252d0196f', 'APIDevAudio')
REPLACE INTO `access_group_filesets` (`hash_id`, `access_group_id`) VALUES ('e8d252d0196f', 'MobileText')
REPLACE INTO `access_group_filesets` (`hash_id`, `access_group_id`) VALUES ('e8d252d0196f', 'HubText')
REPLACE INTO `access_group_filesets` (`hash_id`, `access_group_id`) VALUES ('e8d252d0196f', 'WebHubVideo')
REPLACE INTO `access_group_filesets` (`hash_id`, `access_group_id`) VALUES ('e8d252d0196f', 'APIDevVideo')
REPLACE INTO `access_group_filesets` (`hash_id`, `access_group_id`) VALUES ('bf2f9b56c76a', 'DBPText')
REPLACE INTO `access_group_filesets` (`hash_id`, `access_group_id`) VALUES ('bf2f9b56c76a', 'DBPAudio')
REPLACE INTO `access_group_filesets` (`hash_id`, `access_group_id`) VALUES ('bf2f9b56c76a', 'DBPMobile')
REPLACE INTO `access_group_filesets` (`hash_id`, `access_group_id`) VALUES ('bf2f9b56c76a', 'DBPWebHub')
REPLACE INTO `access_group_filesets` (`hash_id`, `access_group_id`) VALUES ('bf2f9b56c76a', 'Download')
REPLACE INTO `access_group_filesets` (`hash_id`, `access_group_id`) VALUES ('bf2f9b56c76a', 'Streaming')
REPLACE INTO `access_group_filesets` (`hash_id`, `access_group_id`) VALUES ('bf2f9b56c76a', 'ItunesPodcast')
REPLACE INTO `access_group_filesets` (`hash_id`, `access_group_id`) VALUES ('bf2f9b56c76a', 'APIDevText')
REPLACE INTO `access_group_filesets` (`hash_id`, `access_group_id`) VALUES ('bf2f9b56c76a', 'APIDevAudio')
REPLACE INTO `access_group_filesets` (`hash_id`, `access_group_id`) VALUES ('bf2f9b56c76a', 'MobileText')
REPLACE INTO `access_group_filesets` (`hash_id`, `access_group_id`) VALUES ('bf2f9b56c76a', 'HubText')
REPLACE INTO `access_group_filesets` (`hash_id`, `access_group_id`) VALUES ('bf2f9b56c76a', 'WebHubVideo')
REPLACE INTO `access_group_filesets` (`hash_id`, `access_group_id`) VALUES ('bf2f9b56c76a', 'APIDevVideo')
REPLACE INTO `access_group_filesets` (`hash_id`, `access_group_id`) VALUES ('d16fe947b803', 'DBPText')
REPLACE INTO `access_group_filesets` (`hash_id`, `access_group_id`) VALUES ('d16fe947b803', 'DBPAudio')
REPLACE INTO `access_group_filesets` (`hash_id`, `access_group_id`) VALUES ('d16fe947b803', 'DBPMobile')
REPLACE INTO `access_group_filesets` (`hash_id`, `access_group_id`) VALUES ('d16fe947b803', 'DBPWebHub')
REPLACE INTO `access_group_filesets` (`hash_id`, `access_group_id`) VALUES ('d16fe947b803', 'Download')
REPLACE INTO `access_group_filesets` (`hash_id`, `access_group_id`) VALUES ('d16fe947b803', 'Streaming')
REPLACE INTO `access_group_filesets` (`hash_id`, `access_group_id`) VALUES ('d16fe947b803', 'ItunesPodcast')
REPLACE INTO `access_group_filesets` (`hash_id`, `access_group_id`) VALUES ('d16fe947b803', 'APIDevText')
REPLACE INTO `access_group_filesets` (`hash_id`, `access_group_id`) VALUES ('d16fe947b803', 'APIDevAudio')
REPLACE INTO `access_group_filesets` (`hash_id`, `access_group_id`) VALUES ('d16fe947b803', 'MobileText')
REPLACE INTO `access_group_filesets` (`hash_id`, `access_group_id`) VALUES ('d16fe947b803', 'HubText')
REPLACE INTO `access_group_filesets` (`hash_id`, `access_group_id`) VALUES ('d16fe947b803', 'WebHubVideo')
REPLACE INTO `access_group_filesets` (`hash_id`, `access_group_id`) VALUES ('d16fe947b803', 'APIDevVideo')
REPLACE INTO `bibles` (`id`, `language_id`, `versification`, `numeral_system_id`, `script`) VALUES ('ACRAEM', 'acr', 'protestant', 'western-arabic', 'Latin')
REPLACE INTO `bible_translations` (`language_id`, `bible_id`, `name`) VALUES ('6414', 'ACRAEM', 'AECM Version')
REPLACE INTO `bible_filesets` (`id`, `set_type_code`, `hash_id`, `asset_id`, `set_size_code`) VALUES ('ACRAEMP2DA', 'audio_drama', '3bb33f117e0c', 'dbp-prod', 'P')
REPLACE INTO `bible_filesets` (`id`, `set_type_code`, `hash_id`, `asset_id`, `set_size_code`) VALUES ('ACRAEMP1DA', 'audio', 'f4e3743517ed', 'dbp-prod', 'P')
REPLACE INTO `bible_filesets` (`id`, `set_type_code`, `hash_id`, `asset_id`, `set_size_code`) VALUES ('ACRAEMP2ET', 'text_format', '8137392e80cd', 'dbp-prod', 'P')
REPLACE INTO `bible_filesets` (`id`, `set_type_code`, `hash_id`, `asset_id`, `set_size_code`) VALUES ('ACRAEMP1ET', 'text_format', '931f3dd40b24', 'dbp-prod', 'P')
REPLACE INTO `bible_fileset_connections` (`hash_id`, `bible_id`) VALUES ('3bb33f117e0c', 'ACRAEM')
REPLACE INTO `bible_fileset_connections` (`hash_id`, `bible_id`) VALUES ('f4e3743517ed', 'ACRAEM')
REPLACE INTO `bible_fileset_connections` (`hash_id`, `bible_id`) VALUES ('8137392e80cd', 'ACRAEM')
REPLACE INTO `bible_fileset_connections` (`hash_id`, `bible_id`) VALUES ('931f3dd40b24', 'ACRAEM')
REPLACE INTO `bible_fileset_copyrights` (`hash_id`, `copyright`, `copyright_description`) VALUES ('3bb33f117e0c', 'Text: © Asociación Educativa y Cultural Maya
Audio: ℗ 2016 Hosanna', 'Text: © Asociación Educativa y Cultural Maya
Audio: ℗ 2016 Hosanna')
REPLACE INTO `bible_fileset_copyrights` (`hash_id`, `copyright`, `copyright_description`) VALUES ('f4e3743517ed', 'Text: © Asociación Educativa y Cultural Maya
Audio: ℗ 2016 Hosanna', 'Text: © Asociación Educativa y Cultural Maya
Audio: ℗ 2016 Hosanna')
REPLACE INTO `bible_fileset_copyrights` (`hash_id`, `copyright`, `copyright_description`) VALUES ('8137392e80cd', '© Asociación Educativa y Cultural Maya', '© Asociación Educativa y Cultural Maya')
REPLACE INTO `bible_fileset_copyrights` (`hash_id`, `copyright`, `copyright_description`) VALUES ('931f3dd40b24', '© Asociación Educativa y Cultural Maya', '© Asociación Educativa y Cultural Maya')
REPLACE INTO `bible_fileset_copyright_organizations` (`hash_id`, `organization_id`, `organization_role`) VALUES ('3bb33f117e0c', '9', '1')
REPLACE INTO `bible_fileset_copyright_organizations` (`hash_id`, `organization_id`, `organization_role`) VALUES ('f4e3743517ed', '9', '1')
REPLACE INTO `bible_fileset_copyright_organizations` (`hash_id`, `organization_id`, `organization_role`) VALUES ('8137392e80cd', null, '1')
REPLACE INTO `bible_fileset_copyright_organizations` (`hash_id`, `organization_id`, `organization_role`) VALUES ('931f3dd40b24', null, '1')
REPLACE INTO `bible_fileset_tags` (`hash_id`, `name`, `description`, `admin_only`, `iso`, `language_id`) VALUES ('3bb33f117e0c', 'sku', 'P2ACR/AEM', '0', 'eng', '6414')
REPLACE INTO `bible_fileset_tags` (`hash_id`, `name`, `description`, `admin_only`, `iso`, `language_id`) VALUES ('3bb33f117e0c', 'volume', 'AECM Version', '0', 'eng', '6414')
REPLACE INTO `bible_fileset_tags` (`hash_id`, `name`, `description`, `admin_only`, `iso`, `language_id`) VALUES ('3bb33f117e0c', 'bitrate', '64kbps', '0', 'eng', '6414')
REPLACE INTO `bible_fileset_tags` (`hash_id`, `name`, `description`, `admin_only`, `iso`, `language_id`) VALUES ('f4e3743517ed', 'sku', 'P2ACR/AEM', '0', 'eng', '6414')
REPLACE INTO `bible_fileset_tags` (`hash_id`, `name`, `description`, `admin_only`, `iso`, `language_id`) VALUES ('f4e3743517ed', 'volume', 'AECM Version', '0', 'eng', '6414')
REPLACE INTO `bible_fileset_tags` (`hash_id`, `name`, `description`, `admin_only`, `iso`, `language_id`) VALUES ('f4e3743517ed', 'bitrate', '64kbps', '0', 'eng', '6414')
REPLACE INTO `bible_fileset_tags` (`hash_id`, `name`, `description`, `admin_only`, `iso`, `language_id`) VALUES ('8137392e80cd', 'sku', 'P2ACR/AEM', '0', 'eng', '6414')
REPLACE INTO `bible_fileset_tags` (`hash_id`, `name`, `description`, `admin_only`, `iso`, `language_id`) VALUES ('8137392e80cd', 'volume', 'AECM Version', '0', 'eng', '6414')
REPLACE INTO `bible_fileset_tags` (`hash_id`, `name`, `description`, `admin_only`, `iso`, `language_id`) VALUES ('931f3dd40b24', 'sku', 'P2ACR/AEM', '0', 'eng', '6414')
REPLACE INTO `bible_fileset_tags` (`hash_id`, `name`, `description`, `admin_only`, `iso`, `language_id`) VALUES ('931f3dd40b24', 'volume', 'AECM Version', '0', 'eng', '6414')
REPLACE INTO `access_group_filesets` (`hash_id`, `access_group_id`) VALUES ('3bb33f117e0c', 'DBPText')
REPLACE INTO `access_group_filesets` (`hash_id`, `access_group_id`) VALUES ('3bb33f117e0c', 'DBPTextOT')
REPLACE INTO `access_group_filesets` (`hash_id`, `access_group_id`) VALUES ('3bb33f117e0c', 'DBPAudio')
REPLACE INTO `access_group_filesets` (`hash_id`, `access_group_id`) VALUES ('3bb33f117e0c', 'DBPMobile')
REPLACE INTO `access_group_filesets` (`hash_id`, `access_group_id`) VALUES ('3bb33f117e0c', 'DBPWebHub')
REPLACE INTO `access_group_filesets` (`hash_id`, `access_group_id`) VALUES ('3bb33f117e0c', 'Download')
REPLACE INTO `access_group_filesets` (`hash_id`, `access_group_id`) VALUES ('3bb33f117e0c', 'Streaming')
REPLACE INTO `access_group_filesets` (`hash_id`, `access_group_id`) VALUES ('3bb33f117e0c', 'ItunesPodcast')
REPLACE INTO `access_group_filesets` (`hash_id`, `access_group_id`) VALUES ('3bb33f117e0c', 'APIDevText')
REPLACE INTO `access_group_filesets` (`hash_id`, `access_group_id`) VALUES ('3bb33f117e0c', 'APIDevAudio')
REPLACE INTO `access_group_filesets` (`hash_id`, `access_group_id`) VALUES ('3bb33f117e0c', 'MobileText')
REPLACE INTO `access_group_filesets` (`hash_id`, `access_group_id`) VALUES ('3bb33f117e0c', 'HubText')
REPLACE INTO `access_group_filesets` (`hash_id`, `access_group_id`) VALUES ('f4e3743517ed', 'DBPText')
REPLACE INTO `access_group_filesets` (`hash_id`, `access_group_id`) VALUES ('f4e3743517ed', 'DBPTextOT')
REPLACE INTO `access_group_filesets` (`hash_id`, `access_group_id`) VALUES ('f4e3743517ed', 'DBPAudio')
REPLACE INTO `access_group_filesets` (`hash_id`, `access_group_id`) VALUES ('f4e3743517ed', 'DBPMobile')
REPLACE INTO `access_group_filesets` (`hash_id`, `access_group_id`) VALUES ('f4e3743517ed', 'DBPWebHub')
REPLACE INTO `access_group_filesets` (`hash_id`, `access_group_id`) VALUES ('f4e3743517ed', 'Download')
REPLACE INTO `access_group_filesets` (`hash_id`, `access_group_id`) VALUES ('f4e3743517ed', 'Streaming')
REPLACE INTO `access_group_filesets` (`hash_id`, `access_group_id`) VALUES ('f4e3743517ed', 'ItunesPodcast')
REPLACE INTO `access_group_filesets` (`hash_id`, `access_group_id`) VALUES ('f4e3743517ed', 'APIDevText')
REPLACE INTO `access_group_filesets` (`hash_id`, `access_group_id`) VALUES ('f4e3743517ed', 'APIDevAudio')
REPLACE INTO `access_group_filesets` (`hash_id`, `access_group_id`) VALUES ('f4e3743517ed', 'MobileText')
REPLACE INTO `access_group_filesets` (`hash_id`, `access_group_id`) VALUES ('f4e3743517ed', 'HubText')
REPLACE INTO `access_group_filesets` (`hash_id`, `access_group_id`) VALUES ('8137392e80cd', 'DBPText')
REPLACE INTO `access_group_filesets` (`hash_id`, `access_group_id`) VALUES ('8137392e80cd', 'DBPTextOT')
REPLACE INTO `access_group_filesets` (`hash_id`, `access_group_id`) VALUES ('8137392e80cd', 'DBPAudio')
REPLACE INTO `access_group_filesets` (`hash_id`, `access_group_id`) VALUES ('8137392e80cd', 'DBPMobile')
REPLACE INTO `access_group_filesets` (`hash_id`, `access_group_id`) VALUES ('8137392e80cd', 'DBPWebHub')
REPLACE INTO `access_group_filesets` (`hash_id`, `access_group_id`) VALUES ('8137392e80cd', 'Download')
REPLACE INTO `access_group_filesets` (`hash_id`, `access_group_id`) VALUES ('8137392e80cd', 'Streaming')
REPLACE INTO `access_group_filesets` (`hash_id`, `access_group_id`) VALUES ('8137392e80cd', 'ItunesPodcast')
REPLACE INTO `access_group_filesets` (`hash_id`, `access_group_id`) VALUES ('8137392e80cd', 'APIDevText')
REPLACE INTO `access_group_filesets` (`hash_id`, `access_group_id`) VALUES ('8137392e80cd', 'APIDevAudio')
REPLACE INTO `access_group_filesets` (`hash_id`, `access_group_id`) VALUES ('8137392e80cd', 'MobileText')
REPLACE INTO `access_group_filesets` (`hash_id`, `access_group_id`) VALUES ('8137392e80cd', 'HubText')
REPLACE INTO `access_group_filesets` (`hash_id`, `access_group_id`) VALUES ('931f3dd40b24', 'DBPText')
REPLACE INTO `access_group_filesets` (`hash_id`, `access_group_id`) VALUES ('931f3dd40b24', 'DBPTextOT')
REPLACE INTO `access_group_filesets` (`hash_id`, `access_group_id`) VALUES ('931f3dd40b24', 'DBPAudio')
REPLACE INTO `access_group_filesets` (`hash_id`, `access_group_id`) VALUES ('931f3dd40b24', 'DBPMobile')
REPLACE INTO `access_group_filesets` (`hash_id`, `access_group_id`) VALUES ('931f3dd40b24', 'DBPWebHub')
REPLACE INTO `access_group_filesets` (`hash_id`, `access_group_id`) VALUES ('931f3dd40b24', 'Download')
REPLACE INTO `access_group_filesets` (`hash_id`, `access_group_id`) VALUES ('931f3dd40b24', 'Streaming')
REPLACE INTO `access_group_filesets` (`hash_id`, `access_group_id`) VALUES ('931f3dd40b24', 'ItunesPodcast')
REPLACE INTO `access_group_filesets` (`hash_id`, `access_group_id`) VALUES ('931f3dd40b24', 'APIDevText')
REPLACE INTO `access_group_filesets` (`hash_id`, `access_group_id`) VALUES ('931f3dd40b24', 'APIDevAudio')
REPLACE INTO `access_group_filesets` (`hash_id`, `access_group_id`) VALUES ('931f3dd40b24', 'MobileText')
REPLACE INTO `access_group_filesets` (`hash_id`, `access_group_id`) VALUES ('931f3dd40b24', 'HubText')
REPLACE INTO `bibles` (`id`, `language_id`, `versification`, `numeral_system_id`, `script`) VALUES ('ACCIBS', 'acr', 'protestant', 'western-arabic', 'Latin')
REPLACE INTO `bible_translations` (`language_id`, `bible_id`, `name`) VALUES ('6414', 'ACCIBS', '1992 Edition')
REPLACE INTO `bible_filesets` (`id`, `set_type_code`, `hash_id`, `asset_id`, `set_size_code`) VALUES ('ACCIBSN1DA', 'audio', 'b7395d05bcf5', 'dbp-prod', 'P')
REPLACE INTO `bible_filesets` (`id`, `set_type_code`, `hash_id`, `asset_id`, `set_size_code`) VALUES ('ACCIBSN1ET', 'text_format', 'da0a6b17a277', 'dbp-prod', 'P')
REPLACE INTO `bible_fileset_connections` (`hash_id`, `bible_id`) VALUES ('b7395d05bcf5', 'ACCIBS')
REPLACE INTO `bible_fileset_connections` (`hash_id`, `bible_id`) VALUES ('da0a6b17a277', 'ACCIBS')
REPLACE INTO `bible_fileset_copyrights` (`hash_id`, `copyright`, `copyright_description`) VALUES ('b7395d05bcf5', 'Text: © 1992 Wycliffe Bible Translators, Inc.
Audio: ℗ Producciones Cristianas Viña 1993', 'Text: © 1992 Wycliffe Bible Translators, Inc.
Audio: ℗ Producciones Cristianas Viña 1993')
REPLACE INTO `bible_fileset_copyrights` (`hash_id`, `copyright`, `copyright_description`) VALUES ('da0a6b17a277', '© 1992 Wycliffe Bible Translators, Inc.', '© 1992 Wycliffe Bible Translators, Inc.')
REPLACE INTO `bible_fileset_copyright_organizations` (`hash_id`, `organization_id`, `organization_role`) VALUES ('b7395d05bcf5', null, '1')
REPLACE INTO `bible_fileset_copyright_organizations` (`hash_id`, `organization_id`, `organization_role`) VALUES ('da0a6b17a277', null, '1')
REPLACE INTO `bible_fileset_tags` (`hash_id`, `name`, `description`, `admin_only`, `iso`, `language_id`) VALUES ('b7395d05bcf5', 'sku', 'N1ACC/IBS', '0', 'eng', '6414')
REPLACE INTO `bible_fileset_tags` (`hash_id`, `name`, `description`, `admin_only`, `iso`, `language_id`) VALUES ('b7395d05bcf5', 'volume', '1992 Edition', '0', 'eng', '6414')
REPLACE INTO `bible_fileset_tags` (`hash_id`, `name`, `description`, `admin_only`, `iso`, `language_id`) VALUES ('b7395d05bcf5', 'bitrate', '64kbps', '0', 'eng', '6414')
REPLACE INTO `bible_fileset_tags` (`hash_id`, `name`, `description`, `admin_only`, `iso`, `language_id`) VALUES ('da0a6b17a277', 'sku', 'N1ACC/IBS', '0', 'eng', '6414')
REPLACE INTO `bible_fileset_tags` (`hash_id`, `name`, `description`, `admin_only`, `iso`, `language_id`) VALUES ('da0a6b17a277', 'volume', '1992 Edition', '0', 'eng', '6414')
REPLACE INTO `access_group_filesets` (`hash_id`, `access_group_id`) VALUES ('b7395d05bcf5', 'DBPText')
REPLACE INTO `access_group_filesets` (`hash_id`, `access_group_id`) VALUES ('b7395d05bcf5', 'DBPAudio')
REPLACE INTO `access_group_filesets` (`hash_id`, `access_group_id`) VALUES ('b7395d05bcf5', 'DBPMobile')
REPLACE INTO `access_group_filesets` (`hash_id`, `access_group_id`) VALUES ('b7395d05bcf5', 'DBPWebHub')
REPLACE INTO `access_group_filesets` (`hash_id`, `access_group_id`) VALUES ('b7395d05bcf5', 'Download')
REPLACE INTO `access_group_filesets` (`hash_id`, `access_group_id`) VALUES ('b7395d05bcf5', 'Streaming')
REPLACE INTO `access_group_filesets` (`hash_id`, `access_group_id`) VALUES ('b7395d05bcf5', 'ItunesPodcast')
REPLACE INTO `access_group_filesets` (`hash_id`, `access_group_id`) VALUES ('b7395d05bcf5', 'APIDevText')
REPLACE INTO `access_group_filesets` (`hash_id`, `access_group_id`) VALUES ('b7395d05bcf5', 'APIDevAudio')
REPLACE INTO `access_group_filesets` (`hash_id`, `access_group_id`) VALUES ('b7395d05bcf5', 'MobileText')
REPLACE INTO `access_group_filesets` (`hash_id`, `access_group_id`) VALUES ('b7395d05bcf5', 'HubText')
REPLACE INTO `access_group_filesets` (`hash_id`, `access_group_id`) VALUES ('b7395d05bcf5', 'WebHubVideo')
REPLACE INTO `access_group_filesets` (`hash_id`, `access_group_id`) VALUES ('b7395d05bcf5', 'APIDevVideo')
REPLACE INTO `access_group_filesets` (`hash_id`, `access_group_id`) VALUES ('da0a6b17a277', 'DBPText')
REPLACE INTO `access_group_filesets` (`hash_id`, `access_group_id`) VALUES ('da0a6b17a277', 'DBPAudio')
REPLACE INTO `access_group_filesets` (`hash_id`, `access_group_id`) VALUES ('da0a6b17a277', 'DBPMobile')
REPLACE INTO `access_group_filesets` (`hash_id`, `access_group_id`) VALUES ('da0a6b17a277', 'DBPWebHub')
REPLACE INTO `access_group_filesets` (`hash_id`, `access_group_id`) VALUES ('da0a6b17a277', 'Download')
REPLACE INTO `access_group_filesets` (`hash_id`, `access_group_id`) VALUES ('da0a6b17a277', 'Streaming')
REPLACE INTO `access_group_filesets` (`hash_id`, `access_group_id`) VALUES ('da0a6b17a277', 'ItunesPodcast')
REPLACE INTO `access_group_filesets` (`hash_id`, `access_group_id`) VALUES ('da0a6b17a277', 'APIDevText')
REPLACE INTO `access_group_filesets` (`hash_id`, `access_group_id`) VALUES ('da0a6b17a277', 'APIDevAudio')
REPLACE INTO `access_group_filesets` (`hash_id`, `access_group_id`) VALUES ('da0a6b17a277', 'MobileText')
REPLACE INTO `access_group_filesets` (`hash_id`, `access_group_id`) VALUES ('da0a6b17a277', 'HubText')
REPLACE INTO `access_group_filesets` (`hash_id`, `access_group_id`) VALUES ('da0a6b17a277', 'WebHubVideo')
REPLACE INTO `access_group_filesets` (`hash_id`, `access_group_id`) VALUES ('da0a6b17a277', 'APIDevVideo')
REPLACE INTO `bibles` (`id`, `language_id`, `versification`, `numeral_system_id`, `script`) VALUES (null, 'acr', 'protestant', 'western-arabic', null)
REPLACE INTO `bible_translations` (`language_id`, `bible_id`, `name`) VALUES ('6414', null, '2009 Edition')
